,brand_id,barcode,category,categoryCode,cpg,name,topBrand,brandCode
1,601c5460be37ce2ead43755f,511111519928,Beverages,BEVERAGES,5332f5fbe4b03c9a25efd0ba,Starbucks,0.0,STARBUCKS
7,5cdad0f5166eb33eb7ce0faa,511111104810,Condiments & Sauces,CONDIMENTS & SAUCES,559c2234e4b06aca36af13c6,J.L. Kraft,0.0,J.L. KRAFT
8,5ab15636e4b0be0a89bb0b07,511111504412,Canned Goods & Soups,CANNED GOODS & SOUPS,5a734034e4b0d58f376be874,Campbell's Home Style,0.0,CAMPBELLS HOME STYLE
11,57c08106e4b0718ff5fcb02c,511111102540,,,Cpgs,MorningStar,0.0,
12,588ba07be4b02187f85cdadd,511111201076,Baking,BAKING,559c2234e4b06aca36af13c6,Calumet,0.0,CALUMET
13,5d6413156d5f3b23d1bc790a,511111205012,Magazines,MAGAZINES,5d5d4fd16d5f3b23d1bc7905,Entertainment Weekly,0.0,511111205012
14,585a9611e4b03e62d1ce0e74,511111801801,Breakfast & Cereal,BREAKFAST & CEREAL,5332f5fbe4b03c9a25efd0ba,AUNT JEMIMA Syrup,0.0,AUNT JEMIMA SYRUP
15,57e5820ce4b0ac389136a311,511111202233,Beer Wine Spirits,BEER WINE SPIRITS,Cpgs,Molson Canadian,0.0,MOLSON
16,5fb6adb8be37ce522e165cb8,511111817376,Health & Wellness,HEALTH & WELLNESS,5d9b4f591dda2c6225a284aa,Lotrimin®,0.0,LOTRIMIN
19,592486bfe410d61fcea3d139,511111300700,Beauty,BEAUTY,5332f5f6e4b03c9a25efd0b4,ST. IVES,0.0,ST IVES
20,5c4699f387ff3577e203ea29,511111305125,Baby,BABY,55b62995e4b0d8e685c14213,Chris Image Test,0.0,CHRISIMAGE
21,5da6071ea60b87376833e34d,511111005650,Health & Wellness,HEALTH & WELLNESS,5d9b4f591dda2c6225a284aa,Alka-Seltzer®,0.0,ALKA SELTZER
22,57ebc011e4b0ac389136a335,511111802129,Condiments & Sauces,CONDIMENTS & SAUCES,559c2234e4b06aca36af13c6,Jack Daniel's,0.0,JACK DANIEL'S BARBECUE
23,5332f5fee4b03c9a25efd0bd,511111303947,,,Cpgs,Bottled Starbucks,0.0,
24,5332fa7ce4b03c9a25efd22e,511111802914,,,Cpgs,Full Throttle,0.0,
25,5e9f18bfbe37ce3e45b6a77f,511111914549,Baking,BAKING,5e9f12f5be37ce3e45b6a77e,PopUp Brand A,0.0,
26,592486bee410d61fcea3d133,511111400769,Frozen,FROZEN,5332f5f6e4b03c9a25efd0b4,MAGNUM Ice Cream,0.0,MAGNUM Ice Cream
27,5d66d71fa3a018093ab34728,511111105329,Magazines,MAGAZINES,5d5d4fd16d5f3b23d1bc7905,Elegant Homes Magazine,0.0,511111105329
30,57ebc2e7e4b0ac389136a34b,511111201915,Grocery,GROCERY,559c2234e4b06aca36af13c6,Taco Bell,0.0,TACO BELL
32,5dc03596a60b873d6b0666cd,511111506249,Breakfast & Cereal,BREAKFAST & CEREAL,53e10d6368abd3c7065097cc,Frosted Cheerios™,0.0,FROSTED CHEERIOS
34,5332f772e4b03c9a25efd125,511111103653,,,Cpgs,Gold Medal,0.0,
35,59dfaad1e4b0a56a2fa69abc,511111100621,Baking,BAKING,559c2234e4b06aca36af13c6,GODIVA Instant Pudding Mix,0.0,GODIVA DRY PACKAGED DESSERTS
36,5daf33e71dda2c3e1416ae93,511111305910,Snacks,SNACKS,5332f5f3e4b03c9a25efd0ae,LÄRABAR™,0.0,LARABAR
40,5bd200a6965c7d66d92731ea,511111504627,Household,HOUSEHOLD,550b2565e4b001d5e9e4146f,Cottonelle,0.0,COTTONELLE
41,585a9675e4b03e62d1ce0e7f,511111301691,Beverages,BEVERAGES,5332f5fbe4b03c9a25efd0ba,Izze,0.0,IZZE
42,5887a17ee4b02187f85cdad3,511111101178,Beverages,BEVERAGES,559c2234e4b06aca36af13c6,Mio,0.0,MIO
43,5332f765e4b03c9a25efd11f,511111503699,,,Cpgs,Glaceau vitaminwater,0.0,
44,5d66d94d6d5f3b6188d4f04b,511111505365,Magazines,MAGAZINES,5d5d4fd16d5f3b23d1bc7905,Magnolia Journal Magazine,0.0,511111505365
45,5d66d2fd6d5f3b6188d4f045,511111405252,Magazines,MAGAZINES,5d5d4fd16d5f3b23d1bc7905,American Patchwork & Quilting Magazine,0.0,QUILTING SPECIAL EDITION
46,5332f5f3e4b03c9a25efd0ad,511111104025,,,Cpgs,Gree Giant,0.0,
48,5a5d1e76e4b0db471c2d0425,511111900337,Beer Wine Spirits,BEER WINE SPIRITS,5332f709e4b03c9a25efd0f1,Herman Joseph's,0.0,HERMAN
49,55b630d9e4b0d8e685c1421f,511111302629,,,55b62995e4b0d8e685c14213,Sundrop,0.0,
50,5d602d9d6d5f3b23d1bc7907,511111704935,Beverages,BEVERAGES,5332f5fbe4b03c9a25efd0ba,Kevita Sparkling Drinks,0.0,KEVITA
51,57ebbf75e4b0ac389136a32f,511111902188,Frozen,FROZEN,559c2234e4b06aca36af13c6,Delimex,0.0,DELIMEX
52,5d2f68d96d5f3b107e208da4,511111004844,Personal Care,PERSONAL CARE,5332f5f6e4b03c9a25efd0b4,THE RIGHT TO SHOWER,0.0,THE RIGHT TO SHOWER
53,592486bde410d61fcea3d124,511111100904,Personal Care,PERSONAL CARE,5332f5f6e4b03c9a25efd0b4,CARESS,0.0,CARESS
55,5332f6ede4b03c9a25efd0e5,511111603870,,,Cpgs,Blue Bunny,0.0,
56,5332fa05e4b03c9a25efd1d6,511111103141,,,Cpgs,Krave,0.0,
58,5c76d3cd95144c5375687b4f,511111106876,Grocery,GROCERY,5c76d20595144c5375687b4e,DASH-2249 Brand1,1.0,TEST BRAND CODE
60,5a8c36dbe4b0ccf165fac9e9,511111204206,Canned Goods & Soups,CANNED GOODS & SOUPS,5a734034e4b0d58f376be874,Swanson,0.0,SWANSON
61,55b630e1e4b0d8e685c14220,511111102618,,,55b62995e4b0d8e685c14213,A&W Rootbeer,0.0,
63,5c76db7295144c5375687b50,511111306887,Frozen,FROZEN,5c76d20595144c5375687b4e,DASH-2249 Brand2,0.0,DASH-2249 1
64,5da609991dda2c3e1416ae90,511111805854,Health & Wellness,HEALTH & WELLNESS,53e10d6368abd3c7065097cc,ONE A DAY® WOMENS,0.0,511111805854
65,5afda575e4b0c11cfecd49f9,511111104537,Snacks,SNACKS,5a734034e4b0d58f376be874,Kettle Brand,0.0,KETTLE BRAND
66,5ab154dde4b0915382df761f,511111404392,Canned Goods & Soups,CANNED GOODS & SOUPS,5a734034e4b0d58f376be874,Campbell's Soup at Hand,0.0,CAMPBELLS SOUP AT HAND 
68,5fb82faebe37ce522e165ce9,511111117841,Grocery,GROCERY,5fb6b608be37ce522e165cb9,Rainbo,0.0,RAINBO
69,57e58157e4b0ac389136a30a,511111602279,Beer Wine Spirits,BEER WINE SPIRITS,5332f709e4b03c9a25efd0f1,Crispin Cider Company,0.0,CRISPIN
71,5e90a545ee7f2d70340f40d7,511111114413,Health & Wellness,HEALTH & WELLNESS,5d9b4f591dda2c6225a284aa,Claritin®,0.0,CLARITIN®
72,5daf5e94a60b87376833e362,511111706045,Breakfast & Cereal,BREAKFAST & CEREAL,5332f5f3e4b03c9a25efd0ae,Cookie Crisp™,0.0,COOKIE CRISP
74,5332f743e4b03c9a25efd109,511111903789,Snacks,SNACKS,Cpgs,Keebler,0.0,
76,5afda65de4b0c11cfecd49fb,511111004561,Snacks,SNACKS,5a734034e4b0d58f376be874,SNYDERS OF HANOVER,0.0,SNYDERS OF HANOVER
77,5332fa7ee4b03c9a25efd230,511111702894,,,Cpgs,Powerade,0.0,
78,57ebbfafe4b0ac389136a332,511111002154,Condiments & Sauces,CONDIMENTS & SAUCES,559c2234e4b06aca36af13c6,Good Seasons,0.0,GOOD SEASONS
80,57ace91ae4b057c992a316ac,511111602552,,,Cpgs,Pizza Pizza Pizza,0.0,
81,5a5d2431e4b06ba572cf24a1,511111200246,Beer Wine Spirits,BEER WINE SPIRITS,5332f709e4b03c9a25efd0f1,Revolver,0.0,REVOLVER
82,57e5810ce4b0ac389136a307,511111802280,Beer Wine Spirits,BEER WINE SPIRITS,5332f709e4b03c9a25efd0f1,Keystone Light,0.0,KEYSTONE LIGHT
83,5332f5f2e4b03c9a25efd0ab,511111604037,,,Cpgs,Our Family,0.0,
84,5db9f9cca60b87376833e36b,511111806226,Snacks,SNACKS,5332f5f3e4b03c9a25efd0ae,Fruit Roll-Ups™,0.0,BETTY CROCKER FRUIT ROLL UPS
86,5aa1b41de4b086c8aad5e096,511111304265,Condiments & Sauces,CONDIMENTS & SAUCES,559c2234e4b06aca36af13c6,MOMOFUKU Sauce,0.0,MOMOFUKU
87,592486bee410d61fcea3d136,511111500735,Frozen,FROZEN,5332f5f6e4b03c9a25efd0b4,POPSICLE,0.0,POPSICLE
88,5332f603e4b03c9a25efd0be,511111103936,Beverages,BEVERAGES,Cpgs,Mug Root Beer,0.0,MUG Root Beer
89,5afda699e4b0c11cfecd49fd,511111704584,Snacks,SNACKS,5a734034e4b0d58f376be874,Tom's,0.0,TOMS
92,592486bfe410d61fcea3d137,511111000723,Dairy,DAIRY,53e10d6368abd3c7065097cc,PROMISE,0.0,PROMISE
93,5a4d2295e4b0d5c3fd86b679,511111200529,Snacks,SNACKS,5332f5fbe4b03c9a25efd0ba,OFF THE EATEN PATH,0.0,OFF THE EATEN PATH
95,5332f9fce4b03c9a25efd1cd,511111003199,,,Cpgs,Honey Smacks,0.0,
97,57ebc293e4b0ac389136a345,511111301974,Frozen,FROZEN,559c2234e4b06aca36af13c6,Nancy's,0.0,NANCY'S
99,5332f7b8e4b03c9a25efd145,511111903413,,,5332f7a7e4b03c9a25efd134,Stella Artois,0.0,
100,5ab153fee4b0915382df761e,511111704379,Canned Goods & Soups,CANNED GOODS & SOUPS,5a734034e4b0d58f376be874,Campbell's Chunky Maxx,0.0,CAMPBELLS CHUNKY MAXX
101,5aa1b5b9e4b05a92fc9b1631,511111004288,Condiments & Sauces,CONDIMENTS & SAUCES,559c2234e4b06aca36af13c6,FOOD NETWORK KITCHEN INSPIRATIONS,0.0,FOOD NETWORK KITCHEN INSPIRATIONS
104,57c0829ce4b0718ff5fcb03a,511111002437,,,Cpgs,Victoria,0.0,
105,5a4d244ae4b0bcb2c74ea77f,511111500506,Snacks,SNACKS,5332f5fbe4b03c9a25efd0ba,SABRITAS,0.0,SABRITAS
106,57ebbfa1e4b0ac389136a330,511111702177,Beverages,BEVERAGES,559c2234e4b06aca36af13c6,Gevalia,0.0,GEVALIA KAFFE
108,59d550f4e4b090070b009534,511111600633,Dairy,DAIRY,559c2234e4b06aca36af13c6,"O, That's Good!",0.0,O THAT'S GOOD
109,585a9645e4b03e62d1ce0e79,511111801757,Snacks,SNACKS,5332f5fbe4b03c9a25efd0ba,Chester's,1.0,CHESTER'S
110,585a968ee4b03e62d1ce0e82,511111101666,Snacks,SNACKS,5332f5fbe4b03c9a25efd0ba,Miss Vickies,0.0,MISS VICKIE'S
111,5d2f6b82a3a01810a2174aed,511111704867,Condiments & Sauces,CONDIMENTS & SAUCES,5332f5f6e4b03c9a25efd0b4,SIR KENSINGTON'S,0.0,SIR KENSINGTON'S
113,5332f9f2e4b03c9a25efd1c8,511111803232,,,Cpgs,Crispix,0.0,
114,55a41b55e4b0d0a65b3692ef,511111502708,,,Cpgs,NessAlla,0.0,
115,5887a372e4b02187f85cdad9,511111001119,Snacks,SNACKS,5332f5fbe4b03c9a25efd0ba,Doritos,1.0,DORITOS
116,57ed0697e4b072ac2294b8f2,511111101895,Condiments & Sauces,CONDIMENTS & SAUCES,559c2234e4b06aca36af13c6,A.1.,1.0,A.1.
117,55b630c2e4b0d8e685c1421d,511111002642,,,Cpgs,RC Cola,0.0,
118,5332f605e4b03c9a25efd0c0,511111403913,,,5332f5fbe4b03c9a25efd0ba,Amp,0.0,
120,5d66de49a3a018093ab3472a,511111505433,Beverages,BEVERAGES,5332f5fbe4b03c9a25efd0ba,Looza Fruit Juices,0.0,LOOZA JUICES
121,5da605dc1dda2c3e1416ae83,511111005582,Health & Wellness,HEALTH & WELLNESS,5d9b4f591dda2c6225a284aa,Aleve®,0.0,ALEVE
122,5e3876bfee7f2d697e835bd3,511111613961,Beauty,BEAUTY,5e28b81cee7f2d697e835bcd,Soft-Sheen Carson - Hair Color,0.0,SOFT-SHEEN CARSON - HAIR COLOR
124,57ebc11fe4b0ac389136a33a,511111802075,Baking,BAKING,559c2234e4b06aca36af13c6,Kraft Caramels,0.0,
126,5bd201a990fa074576779a19,511111104698,Baby,BABY,550b2565e4b001d5e9e4146f,Pull-Ups,0.0,PULL UPS
128,5332f60ce4b03c9a25efd0c3,511111303893,Beverages,BEVERAGES,5332f5fbe4b03c9a25efd0ba,Brisk Iced Tea,0.0,BRISK
129,5a7e0604e4b0aedb3b84afd3,511111504139,Beverages,BEVERAGES,55b62995e4b0d8e685c14213,Chris Brand XYZ,0.0,CHRISXYZ
130,5332f9f2e4b03c9a25efd1c7,511111003243,,,Cpgs,All-Bran,0.0,
131,57ebbd44e4b0ac389136a32d,511111002208,Condiments & Sauces,CONDIMENTS & SAUCES,559c2234e4b06aca36af13c6,Bull's Eye,0.0,BULL'S-EYE
132,592486bee410d61fcea3d12f,511111600794,Frozen,FROZEN,5332f5f6e4b03c9a25efd0b4,KLONDIKE,0.0,KLONDIKE
133,592486bee410d61fcea3d12a,511111600848,Frozen,FROZEN,53e10d6368abd3c7065097cc,FRUTTARE,0.0,FRUTTARE
134,5da60576a60b87376833e349,511111305569,Health & Wellness,HEALTH & WELLNESS,53e10d6368abd3c7065097cc,AFRIN® NO DRIP PUMP MISTS,0.0,511111305569
135,5332f5f5e4b03c9a25efd0b0,511111404002,,,Cpgs,Betty Crocker,0.0,
136,580dff9fe4b0f32b2de21382,511111701859,Baking,BAKING,559c2234e4b06aca36af13c6,Knox Gelatin,0.0,KNOX
137,5da608131dda2c3e1416ae8a,511111505716,Health & Wellness,HEALTH & WELLNESS,53e10d6368abd3c7065097cc,Claritin® ADULTS,0.0,511111505716
138,588b9f8fe4b02187f85cdada,511111501107,Snacks,SNACKS,559c2234e4b06aca36af13c6,Planters,0.0,PLANTERS
139,592486bde410d61fcea3d127,511111800873,Personal Care,PERSONAL CARE,5332f5f6e4b03c9a25efd0b4,DEGREE,0.0,DEGREE
140,5a4d23dae4b0bcb2c74ea77e,511111000518,Beverages,BEVERAGES,5332f5fbe4b03c9a25efd0ba,Caleb's Kola,0.0,CALEB'S KOLA
141,5d66dc946d5f3b6188d4f04e,511111305408,Beverages,BEVERAGES,5332f5fbe4b03c9a25efd0ba,Lemon Lemon Sparkling Drinks,0.0,LEMON LEMON
142,592486bfe410d61fcea3d140,511111300656,Personal Care,PERSONAL CARE,5332f5f6e4b03c9a25efd0b4,VASELINE,0.0,VASELINE
143,5d658ff3a3a018514994f432,511111005216,Magazines,MAGAZINES,53e10d6368abd3c7065097cc,Cooking Light Magazine,0.0,511111005216
145,5ef4f667be37ce2efae842ea,511111715047,Cleaning & Home Improvement,CLEANING & HOME IMPROVEMENT,5eebc5412455c97a877ef382,Pinesol,0.0,PINESOL
146,55b6308ee4b0d8e685c1421a,511111202677,,,55b62995e4b0d8e685c14213,Snapple,0.0,
147,5332f760e4b03c9a25efd11b,511111603719,,,Cpgs,Honest Ade,0.0,
149,5d642dbfa3a018514994f42e,511111005148,Magazines,MAGAZINES,5d5d4fd16d5f3b23d1bc7905,Shape,0.0,511111005148
150,5e3875d2ee7f2d697e835bce,511111013914,Beauty,BEAUTY,5e28b81cee7f2d697e835bcd,Essie,0.0,ESSIE
151,5332f9f3e4b03c9a25efd1c9,511111303220,,,Cpgs,Pop-tarts,0.0,
152,5c45f91b87ff3552f950f027,511111204923,Grocery,GROCERY,5c45f8b087ff3552f950f026,Brand1,1.0,0987654321
153,58861c7d4e8d0d20bc42c4d6,511111601449,Snacks,SNACKS,559c2234e4b06aca36af13c6,Jell-O Refrigerated Pudding & Gelatin,0.0,
154,55b630fde4b0d8e685c14223,511111502586,,,55b62995e4b0d8e685c14213,Diet Dr. Pepper,0.0,
155,5ab158e8e4b0915382df7622,511111404446,Canned Goods & Soups,CANNED GOODS & SOUPS,5a734034e4b0d58f376be874,Campbell's Well Yes!,0.0,CAMPBELLS WELL YES
160,5fb82236be37ce522e165cdf,511111217749,,,5fb6b608be37ce522e165cb9,Beef Steak,0.0,BEEF STEAK
161,5a02188be4b00d6a5ccb394d,511111300588,Beauty,BEAUTY,5332f5f6e4b03c9a25efd0b4,POND'S,0.0,POND'S
162,5e387617ee7f2d697e835bd0,511111713937,Beauty,BEAUTY,5e28b81cee7f2d697e835bcd,L’Oreal Paris - Cosmetics,0.0,L’OREAL PARIS - COSMETICS
163,57ebc2ace4b0ac389136a346,511111801962,Deli,DELI,559c2234e4b06aca36af13c6,P3,0.0,
164,5da6094ca60b87376833e357,511111605829,Health & Wellness,HEALTH & WELLNESS,53e10d6368abd3c7065097cc,ONE A DAY® MENS,0.0,511111605829
167,585a9726e4b03e62d1ce0e95,511111501497,Beverages,BEVERAGES,53e10d6368abd3c7065097cc,Tazo,0.0,
169,5332f7d3e4b03c9a25efd14e,511111803393,Snacks,SNACKS,Cpgs,Cheez-It,0.0,
171,5afda3a8e4b03bf01c2a2967,511111604525,Snacks,SNACKS,5a734034e4b0d58f376be874,Snack Factory,0.0,SNACK FACTORY
172,57c08294e4b0718ff5fcb039,511111202448,,,Cpgs,Jupiler,0.0,
173,5332f77ce4b03c9a25efd12a,511111703617,,,Cpgs,Gardetto's,0.0,
174,5332f9ede4b03c9a25efd1c2,511111403289,,,Cpgs,Danimals,0.0,
175,58861c7e4e8d0d20bc42c4e2,511111201403,Beer Wine Spirits,BEER WINE SPIRITS,5332f709e4b03c9a25efd0f1,Miller 64,0.0,MILLER64
176,592486bee410d61fcea3d12d,511111700814,Dairy,DAIRY,53e10d6368abd3c7065097cc,I CAN'T BELIEVE IT'S NOT BUTTER!,0.0,I CAN'T BELIEVE IT'S NOT BUTTER!
177,5da608dfa60b87376833e354,511111805786,Health & Wellness,HEALTH & WELLNESS,53e10d6368abd3c7065097cc,ONE A DAY® ENERGY ,0.0,511111805786
187,57ebc28be4b0ac389136a344,511111501985,Condiments & Sauces,CONDIMENTS & SAUCES,559c2234e4b06aca36af13c6,Miracle Whip,0.0,KRAFT MIRACLE WHIP
188,58b59989e4b0857c2ddb7255,511111400998,Beer Wine Spirits,BEER WINE SPIRITS,5332f709e4b03c9a25efd0f1,Redd's Wicked,0.0,
191,5a5d257fe4b06ba572cf24a3,511111300212,Beer Wine Spirits,BEER WINE SPIRITS,5332f709e4b03c9a25efd0f1,Sheaf Stout,0.0,SHEAF STOUT
192,585a963ce4b03e62d1ce0e78,511111001768,Snacks,SNACKS,5332f5fbe4b03c9a25efd0ba,Cheetos,1.0,CHEETOS
193,5fb82a68be37ce522e165ce6,511111217817,Grocery,GROCERY,5fb6b608be37ce522e165cb9,Nature's Harvest,0.0,NATURES HARVEST
194,5d6415d5a3a018514994f429,511111605058,Magazines,MAGAZINES,5d5d4fd16d5f3b23d1bc7905,Health Magazine,0.0,511111605058
195,5332fa7ae4b03c9a25efd229,511111402961,,,Cpgs,Fanta,0.0,
199,5bd201cc965c7d66d92731ee,511111704706,Household,HOUSEHOLD,550b2565e4b001d5e9e4146f,Scott,0.0,SCOTT
201,5daf3507a60b87376833e35c,511111505921,Health & Wellness,HEALTH & WELLNESS,5332f5f3e4b03c9a25efd0ae,EPIC™,0.0,EPIC
202,58861c7e4e8d0d20bc42c4de,511111901426,Beer Wine Spirits,BEER WINE SPIRITS,5332f709e4b03c9a25efd0f1,Grolsch Lager,0.0,GROLSCH
204,5a5e32c3e4b06ba572cf24aa,511111400042,Beer Wine Spirits,BEER WINE SPIRITS,5332f709e4b03c9a25efd0f1,Magnum,0.0,MAGNUM
227,5332fa7be4b03c9a25efd22b,511111702948,,,Cpgs,Diet Cherry Coke,0.0,
228,58861c7e4e8d0d20bc42c4e0,511111701415,Beer Wine Spirits,BEER WINE SPIRITS,5332f709e4b03c9a25efd0f1,Killians,0.0,KILLIAN'S
229,5332f775e4b03c9a25efd127,511111403630,,,Cpgs,Cheerios,0.0,
230,581ce962e4b058c71f74c443,511111301813,,,Cpgs,.,0.0,
231,5332fa08e4b03c9a25efd1d8,511111903130,,,Cpgs,Frosted Flakes,0.0,
234,58b5988ce4b0857c2ddb7252,511111301028,Beer Wine Spirits,BEER WINE SPIRITS,5332f709e4b03c9a25efd0f1,Henry's Hard Sparkling,0.0,
236,57ebc125e4b0ac389136a33b,511111302063,Grocery,GROCERY,559c2234e4b06aca36af13c6,Kraft Macaroni & Cheese,0.0,
237,5332f7c8e4b03c9a25efd148,511111403401,,,Cpgs,Cascadian Farm,0.0,
238,57ebc2c8e4b0ac389136a349,511111901938,Grocery,GROCERY,559c2234e4b06aca36af13c6,Shake N' Bake,0.0,KRAFT SHAKE 'N BAKE
239,588ba032e4b02187f85cdadc,511111401087,Condiments & Sauces,CONDIMENTS & SAUCES,559c2234e4b06aca36af13c6,HP Sauce,0.0,HP
241,5dc0773ea60b873d6b0666ce,511111206262,Breakfast & Cereal,BREAKFAST & CEREAL,5332f5f3e4b03c9a25efd0ae,Drumstick™ Cereal,0.0,DRUMSTICK CEREAL
242,5da60649a60b87376833e34b,511111105602,Health & Wellness,HEALTH & WELLNESS,53e10d6368abd3c7065097cc,ALEVE® D SINUS & COLD,0.0,ALEVE D SINUS & COLD
243,580dff84e4b0f32b2de2137f,511111601883,Dairy,DAIRY,559c2234e4b06aca36af13c6,Cheez Whiz,0.0,CHEEZ WHIZ
245,5d66961cee7f2d201c7281cc,511111812449,Magazines,MAGAZINES,5c4f20b01b4181298aacffc1,Test brand1,1.0,
246,57d957f2e4b0ac389136a2b4,511111502371,Frozen,FROZEN,559c2234e4b06aca36af13c6,Cool Whip,0.0,COOL WHIP
247,5daf59751dda2c3e1416ae99,511111006022,Breakfast & Cereal,BREAKFAST & CEREAL,5332f5f3e4b03c9a25efd0ae,Trix™,0.0,TRIX
248,5da60859a60b87376833e352,511111405740,Health & Wellness,HEALTH & WELLNESS,5d9b4f591dda2c6225a284aa,Flintstones™ Vitamins,0.0,FLINTSTONES
249,5fb81935be37ce522e165cda,511111217695,Beer Wine Spirits,BEER WINE SPIRITS,5fb6d381be37ce522e165cbd,Absolut® Grapefruit,0.0,ABSOLUT® GRAPEFRUIT
250,5fb6d726be37ce522e165cc0,511111317432,Beer Wine Spirits,BEER WINE SPIRITS,5fb6d381be37ce522e165cbd,Altos®,0.0,ALTOS
251,5fb800f1be37ce522e165ccb,511111417545,Beer Wine Spirits,BEER WINE SPIRITS,5fb6d381be37ce522e165cbd,Del Maguey® Vida,0.0,DEL MAGUEY 
252,5fb80b63be37ce522e165cd1,511111917601,Beer Wine Spirits,BEER WINE SPIRITS,5fb6d381be37ce522e165cbd,Jameson® Black Barrel ,0.0,JAMESON® BLACK BARREL 
253,5fb808a1be37ce522e165ccf,511111817581,Beer Wine Spirits,BEER WINE SPIRITS,5fb6d381be37ce522e165cbd,Jameson® ,0.0,JAMESON
254,5fb7e62dbe37ce522e165cc3,511111217466,Beer Wine Spirits,BEER WINE SPIRITS,5fb6d381be37ce522e165cbd,Monkey 47®,0.0,MONKEY 47
255,5fb80d7cbe37ce522e165cd2,511111417613,Beer Wine Spirits,BEER WINE SPIRITS,5fb6d381be37ce522e165cbd,Malibu® Original,0.0,MALIBU
256,5fb7e962be37ce522e165cc6,511111417491,Beer Wine Spirits,BEER WINE SPIRITS,5fb6d381be37ce522e165cbd,Lillet®,0.0,LILLET
257,5d642de76d5f3b23d1bc7911,511111705161,Magazines,MAGAZINES,5d5d4fd16d5f3b23d1bc7905,Traditional Home,0.0,511111705161
258,57c0827de4b0718ff5fcb037,511111902461,Baby,BABY,5332f7a7e4b03c9a25efd134,Antarctica,1.0,AMP2
261,5332fa03e4b03c9a25efd1d5,511111603153,,,Cpgs,Fruit Flavored Snacks,0.0,
262,5a8c3577e4b07f0a2dac8945,511111404163,Snacks,SNACKS,5a734034e4b0d58f376be874,Kelsen,0.0,KELSEN
263,5da60932a60b87376833e356,511111405818,Health & Wellness,HEALTH & WELLNESS,53e10d6368abd3c7065097cc,ONE A DAY® KIDS AND TEENS,0.0,511111405818
264,5da606581dda2c3e1416ae85,511111605614,Health & Wellness,HEALTH & WELLNESS,53e10d6368abd3c7065097cc,ALEVE® DIRECT THERAPY PAIN RELIEF DEVICES,0.0,ALEVE DIRECT THERAPY PAIN RELIEF DEVICES
265,5a5d1ba9e4b0db471c2d0422,511111600404,Beer Wine Spirits,BEER WINE SPIRITS,5332f709e4b03c9a25efd0f1,Colorado Native,0.0,COLORADO NATIVE
266,585a9714e4b03e62d1ce0e92,511111801528,Beverages,BEVERAGES,5332f5fbe4b03c9a25efd0ba,SoBe,0.0,SOBE
267,57ebc026e4b0ac389136a338,511111502098,Dairy,DAIRY,559c2234e4b06aca36af13c6,Knudsen,0.0,KNUDSEN
268,5da608a8a60b87376833e353,511111105763,Health & Wellness,HEALTH & WELLNESS,53e10d6368abd3c7065097cc,MiraLAX® Laxatives,0.0,511111105763
270,5d66dda06d5f3b6188d4f050,511111005421,Magazines,MAGAZINES,5d5d4fd16d5f3b23d1bc7905,Pillsbury Magazine,0.0,511111005421
271,585a9637e4b03e62d1ce0e77,511111501770,Breakfast & Cereal,BREAKFAST & CEREAL,53e10d6368abd3c7065097cc,Cap'n Crunch,1.0,CAP'N CRUNCH
272,5332fa79e4b03c9a25efd226,511111602996,,,Cpgs,Mello Yello,0.0,
273,5fb82359be37ce522e165ce1,511111917762,Grocery,GROCERY,5fb6b608be37ce522e165cb9,Mrs Baird's ,0.0,MRS BAIRD'S
274,592486bfe410d61fcea3d13f,511111500667,Personal Care,PERSONAL CARE,5332f5f6e4b03c9a25efd0b4,TRESEMME,0.0,TRESEMME
275,552ecca1e4b02ff29f99b215,511111202721,,,Cpgs,Top Care,0.0,
276,5a5e3615e4b06ba572cf24ab,511111700029,Beverages,BEVERAGES,5332f5fbe4b03c9a25efd0ba,PURE LEAF Iced Tea Beverages,0.0,PURE LEAF Iced Tea Beverages
277,5e5ff1f7ee7f2d0b35b2a18e,511111414049,Health & Wellness,HEALTH & WELLNESS,5d9b4f591dda2c6225a284aa,ONE A DAY® KIDS,0.0,ONE A DAY KIDS
278,585a967fe4b03e62d1ce0e80,511111801689,Snacks,SNACKS,5332f5fbe4b03c9a25efd0ba,Lay's Kettle Cooked,1.0,
280,5d66dd526d5f3b6188d4f04f,511111805410,Beverages,BEVERAGES,5332f5fbe4b03c9a25efd0ba,LIFEWTR,0.0,LIFEWTR
281,5d6412f86d5f3b23d1bc7909,511111804994,Magazines,MAGAZINES,5d5d4fd16d5f3b23d1bc7905,Eating Well Magazine,0.0,511111804994
282,5332f608e4b03c9a25efd0c1,511111903901,,,Cpgs,Sierra Mist,0.0,
283,5c49d161f0276e7719673719,511111904731,Baby,BABY,59b96571e4b0bf7c7980588b,SIMILAC,0.0,SIMILAC
284,5da60843a60b87376833e351,511111205739,Health & Wellness,HEALTH & WELLNESS,5d9b4f591dda2c6225a284aa,Coricidin® HBP,0.0,CORICIDIN HBP
286,5a5d29fde4b0db471c2d0433,511111400110,Beauty & Personal Care,BEAUTY & PERSONAL CARE,53e10d6368abd3c7065097cc,Badedas,0.0,BADEDAS
287,54594387e4b0bfcb1e864083,511111902744,,,Cpgs,Shurfine,0.0,
288,585a96d2e4b03e62d1ce0e89,511111001607,Beverages,BEVERAGES,5332f5fbe4b03c9a25efd0ba,Pepsi Diet,0.0,
289,5332f9fee4b03c9a25efd1d0,511111803164,,,Cpgs,Apple Jacks/Cinnamon Jacks,0.0,
290,5332fa73e4b03c9a25efd21c,511111703051,,,Cpgs,Diet Coke,0.0,
292,5332f7afe4b03c9a25efd13d,511111203483,,,Cpgs,Shock Top,0.0,
293,5d540e65a3a018514994f41f,511111404880,Frozen,FROZEN,559c2234e4b06aca36af13c6,Benihana Frozen Entrees,0.0,BENIHANA
294,5daf46261dda2c3e1416ae96,511111905967,Dairy,DAIRY,5332f5f3e4b03c9a25efd0ae,Mountain High™,0.0,MOUNTAIN HIGH
295,585a972de4b03e62d1ce0e96,511111001485,Snacks,SNACKS,5332f5fbe4b03c9a25efd0ba,Tostitos,0.0,TOSTITOS
297,580e015be4b0f32b2de21385,511111501824,Condiments & Sauces,CONDIMENTS & SAUCES,559c2234e4b06aca36af13c6,Kraft BBQ Sauce,0.0,
298,5f5900d4be37ce21f1287c11,511111516569,Baby,BABY,5f58fa84be37ce21f1287c0f,Gerber Baby Food,0.0,GERBER BABY FOOD
299,5a8c33f3e4b07f0a2dac8943,511111504139,Grocery,GROCERY,5a734034e4b0d58f376be874,Pace,0.0,PACE
300,5ab1589ae4b0915382df7621,511111204435,Canned Goods & Soups,CANNED GOODS & SOUPS,5a734034e4b0d58f376be874,Campbell's Slow Kettle,0.0,CAMPBELLS SLOW KETTLE 
301,5afda22ee4b03bf01c2a2965,511111304494,Snacks,SNACKS,5a734034e4b0d58f376be874,Archway,0.0,ARCHWAY
302,588b9ff4e4b02187f85cdadb,511111901099,Condiments & Sauces,CONDIMENTS & SAUCES,559c2234e4b06aca36af13c6,Kraft Salad Dressing,0.0,
303,5ec2dde7be37ce5234ec36bb,511111314653,Health & Wellness,HEALTH & WELLNESS,5d9b4f591dda2c6225a284aa,Bayer® Aspirin,0.0,BAYER® ASPIRIN
316,5bd200c690fa074576779a16,511111004639,Personal Care,PERSONAL CARE,550b2565e4b001d5e9e4146f,Depend,0.0,DEPEND
322,5daf35a8a60b87376833e35d,511111005933,Snacks,SNACKS,5332f5f3e4b03c9a25efd0ae,Nature Valley™,0.0,NATURE VALLEY
325,5fb6b82dbe37ce522e165cbc,511111117407,Bread & Bakery,BREAD & BAKERY,5fb6b608be37ce522e165cb9,Anzio ,0.0,ANZIO
326,5d641306a3a018514994f427,511111705000,Magazines,MAGAZINES,5d5d4fd16d5f3b23d1bc7905,Family Circle,0.0,511111705000
327,55b630f5e4b0d8e685c14222,511111002598,,,55b62995e4b0d8e685c14213,Diet Rite,0.0,
328,5db780a6a60b87376833e369,511111806172,Dairy,DAIRY,559c2234e4b06aca36af13c6,Hershey's Whipped Topping,0.0,HERSHEY'S WHIPPED TOPPING
330,5332f5f2e4b03c9a25efd0a9,511111804048,,,Cpgs,Eggo,0.0,
332,592486bee410d61fcea3d12e,511111200802,Dairy,DAIRY,53e10d6368abd3c7065097cc,IMPERIAL,0.0,IMPERIAL
333,57c082a6e4b0718ff5fcb03b,511111502425,,,Cpgs,Modelo Especial,0.0,
334,5da606ae1dda2c3e1416ae86,511111305637,Health & Wellness,HEALTH & WELLNESS,53e10d6368abd3c7065097cc,ALEVE® PM NIGHT TIME,0.0,ALEVE PM NIGHT TIME
336,5a8c5e74e4b07f0a2dac8947,511111904229,Personal Care,PERSONAL CARE,5332f5f6e4b03c9a25efd0b4,ApotheCARE Essentials,0.0,APOTHECARE ESSENTIALS
337,57e5817ae4b0ac389136a30c,511111902256,Beer Wine Spirits,BEER WINE SPIRITS,Cpgs,Henry's Hard Soda,0.0,HENRY WEINHARD'S
338,5ab15392e4b0915382df761d,511111204367,Canned Goods & Soups,CANNED GOODS & SOUPS,5a734034e4b0d58f376be874,Campbell's Chunky,0.0,CAMPBELLS CHUNKY 
339,5e5ff265ee7f2d0b35b2a18f,511111914051,Health & Wellness,HEALTH & WELLNESS,53e10d6368abd3c7065097cc,ONE A DAY® WOMENS,0.0,ONE A DAY® WOMENS
341,5332fb83e4b03c9a25efd24a,511111502869,,,Cpgs,Town House,0.0,
342,5ef38672be37ce02da95b72f,511111515036,Outdoor,OUTDOOR,5eebc5412455c97a877ef382,Kingsford Charcoal,0.0,KINGSFORD
343,5daf6baaa60b87376833e364,511111206101,Dairy,DAIRY,5332f5f3e4b03c9a25efd0ae,Yoplait® Go-GURT®,0.0,YOPLAIT GO-GURT
344,5a4d1f06e4b0d5c3fd86b678,511111700531,Snacks,SNACKS,5332f5fbe4b03c9a25efd0ba,FRITO-LAY,1.0,FRITO-LAY
345,57ebc003e4b0ac389136a333,511111502142,Condiments & Sauces,CONDIMENTS & SAUCES,559c2234e4b06aca36af13c6,Grey Poupon,0.0,GREY POUPON
347,5ec2dda8be37ce5234ec36ba,511111814641,Health & Wellness,HEALTH & WELLNESS,5d9b4f591dda2c6225a284aa,Berroca®,0.0,BERROCA®
348,58861c7f4e8d0d20bc42c4f9,511111301301,Beverages,BEVERAGES,5332f5fbe4b03c9a25efd0ba,Propel,0.0,PROPEL
349,58b59a68e4b0857c2ddb7257,511111700975,Beer Wine Spirits,BEER WINE SPIRITS,5332f709e4b03c9a25efd0f1,Milwaukee's Best Ice,0.0,MILWAUKEE'S BEST
350,5332f753e4b03c9a25efd10f,511111703778,,,Cpgs,NOS,0.0,
351,5a4d250ce4b0d5c3fd86b67b,511111400486,Snacks,SNACKS,5332f5fbe4b03c9a25efd0ba,SPITZ,0.0,SPITZ
352,5d9d0270a60b87376833e347,511111405535,Snacks,SNACKS,5332f5fbe4b03c9a25efd0ba,IMAGINE,0.0,IMAGINE
353,5d658fd1a3a018514994f431,511111905196,,,53e10d6368abd3c7065097cc,BETTER HOMES AND GARDENS Special Edition Magazine - Food ,0.0,
355,58b599fee4b0857c2ddb7256,511111900986,Beer Wine Spirits,BEER WINE SPIRITS,5332f709e4b03c9a25efd0f1,Steel Reserve Alloy Series,0.0,
356,5a5d278de4b0db471c2d042f,511111800156,Beer Wine Spirits,BEER WINE SPIRITS,5332f709e4b03c9a25efd0f1,Tusk & Grain,0.0,TUSK & GRAIN
357,5332f7eee4b03c9a25efd15e,511111103370,Beer Wine Spirits,BEER WINE SPIRITS,5332f709e4b03c9a25efd0f1,Redd's Apple Ale,0.0,REDD'S ALE
358,5afda18ee4b0c11cfecd49f5,511111104469,Snacks,SNACKS,5a734034e4b0d58f376be874,Lance,0.0,LANCE
359,5a8c363ce4b0ccf165fac9e7,511111104186,Grocery,GROCERY,5a734034e4b0d58f376be874,Pacific Foods,0.0,PACIFIC FOODS
360,5dd557081dda2c1971449a7a,511111606376,Dairy,DAIRY,5332f5f3e4b03c9a25efd0ae,Yoplait® Dunkers,0.0,YOPLAIT DUNKERS
361,5332f774e4b03c9a25efd126,511111603641,,,Cpgs,Fiber One,0.0,
363,5a021703e4b00efe02b02a58,511111800590,Canned Goods & Soups,CANNED GOODS & SOUPS,5332f5f6e4b03c9a25efd0b4,LIPTON Soup,0.0,LIPTON Soup
364,5dc2da1fa60b873d6b0666d3,511111406341,Breakfast & Cereal,BREAKFAST & CEREAL,53e10d6368abd3c7065097cc,Minions™ Cereal,0.0,MINIONS CEREAL
365,5d2f69a6a3a01810a2174aec,511111504856,Household,HOUSEHOLD,5332f5f6e4b03c9a25efd0b4,LOVE HOME AND PLANET,0.0,LOVE HOME AND PLANET
367,5f2336cfbe37ce7958c5952c,511111715276,Health & Wellness,HEALTH & WELLNESS,5f036ccc2455c947fde9362f,OneTouch®,0.0,ONETOUCH
369,55a41b88e4b0d0a65b3692f0,511111902690,Dairy,DAIRY,559c2234e4b06aca36af13c6,Kraft,0.0,KRAFT
370,5daf70071dda2c3e1416ae9e,511111906124,Breakfast & Cereal,BREAKFAST & CEREAL,5332f5f3e4b03c9a25efd0ae,Basic 4™,0.0,BASIC 4
371,5a8c31bfe4b0ccf165fac9e4,511111804116,Canned Goods & Soups,CANNED GOODS & SOUPS,5a734034e4b0d58f376be874,Wolfgang Puck,0.0,WOLFGANG PUCK
374,5a8c378ce4b07f0a2dac8946,511111704218,Breakfast & Cereal,BREAKFAST & CEREAL,53e10d6368abd3c7065097cc,The Soulfull Project,0.0,THE SOULFUL PROJECT
376,580dff97e4b0f32b2de21381,511111901860,Baking,BAKING,559c2234e4b06aca36af13c6,Dream Whip,0.0,DREAM WHIP
379,5332fa6be4b03c9a25efd217,511111903062,,,Cpgs,Brew Pub,0.0,
380,5a8f64c6e4b0a2e2844f5695,511111104254,Snacks,SNACKS,5a734034e4b0d58f376be874,Kjeldsen,0.0,KJELDSEN
382,57ebc134e4b0ac389136a33d,511111602040,Dairy,DAIRY,559c2234e4b06aca36af13c6,Kraft Cheese,0.0,
386,5a8c35dde4b0ccf165fac9e6,511111904175,Grocery,GROCERY,5a734034e4b0d58f376be874,Pepperidge Farm,0.0,PEPPERIDGE FARM
387,5332f760e4b03c9a25efd11a,511111803720,,,Cpgs,Honest Tea,0.0,
390,5332f9f0e4b03c9a25efd1c3,511111203278,Snacks,SNACKS,Cpgs,Pringles,0.0,
392,58861c7e4e8d0d20bc42c4e3,511111601395,Beer Wine Spirits,BEER WINE SPIRITS,5332f709e4b03c9a25efd0f1,Miller High Life,0.0,MILLER HIGH LIFE
393,585b0b23e4b03e62d1ce0e99,511111101451,Breakfast & Cereal,BREAKFAST & CEREAL,53e10d6368abd3c7065097cc,Quaker,0.0,QUAKER
394,5332f7ffe4b03c9a25efd16a,511111703334,,,Cpgs,All Natural,0.0,
395,5da608291dda2c3e1416ae8b,511111705727,Health & Wellness,HEALTH & WELLNESS,53e10d6368abd3c7065097cc,Claritin® KIDS,0.0,511111705727
396,57d848efe4b0ac389136a2aa,511111302414,Dairy,DAIRY,559c2234e4b06aca36af13c6,Athenos,0.0,ATHENOS
399,5a5d2c1fe4b06ba572cf24a8,511111100065,Beauty & Personal Care,BEAUTY & PERSONAL CARE,53e10d6368abd3c7065097cc,Sedal,0.0,SEDAL
400,5d603537a3a018514994f424,511111404958,Snacks,SNACKS,5332f5fbe4b03c9a25efd0ba,Red Rock Deli Chips,0.0,RED ROCK DELI
401,5da607a9a60b87376833e34f,511111905684,Health & Wellness,HEALTH & WELLNESS,53e10d6368abd3c7065097cc,ALKA SELTZER PLUS® SINUS CAP/ GEL/ TAB,0.0,ALKA SELTZER PLUS SINUS CAP/ GEL/ TAB
403,585a970ee4b03e62d1ce0e91,511111301530,Snacks,SNACKS,5332f5fbe4b03c9a25efd0ba,Smartfood,0.0,SMARTFOOD
406,58863e1ee4b02187f85cdace,511111101222,Deli,DELI,559c2234e4b06aca36af13c6,Oscar Mayer,0.0,OSCAR MAYER
407,5a5d234be4b06ba572cf249f,511111400271,Beer Wine Spirits,BEER WINE SPIRITS,5332f709e4b03c9a25efd0f1,Lech,0.0,LECH PREMIUM
408,5d642d946d5f3b23d1bc7910,511111805137,Magazines,MAGAZINES,5d5d4fd16d5f3b23d1bc7905,Real Simple,0.0,511111805137
409,5fb8292abe37ce522e165ce3,511111617785,Grocery,GROCERY,5fb6b608be37ce522e165cb9,Heiners,0.0,HEINERS
410,5d6419346d5f3b23d1bc790e,511111005094,Magazines,MAGAZINES,5d5d4fd16d5f3b23d1bc7905,Parents,0.0,PARENTS
411,5332fa0ae4b03c9a25efd1dd,511111203117,,,Cpgs,Smart Start,0.0,
412,5ccb2ece166eb31bbbadccbe,511111504788,Condiments & Sauces,CONDIMENTS & SAUCES,559c2234e4b06aca36af13c6,The Pioneer Woman,0.0,PIONEER WOMAN
414,5d6419746d5f3b23d1bc790f,511111605102,Magazines,MAGAZINES,5d5d4fd16d5f3b23d1bc7905,People en Espanol,0.0,511111605102
415,5a5d1fbfe4b0db471c2d0428,511111100294,Beer Wine Spirits,BEER WINE SPIRITS,5332f709e4b03c9a25efd0f1,Hop Valley,0.0,HOP VALLEY
417,580dffade4b0f32b2de21384,511111001836,Beverages,BEVERAGES,559c2234e4b06aca36af13c6,Yuban Coffee,0.0,YUBAN
418,5d6423ffa3a018514994f42c,511111105114,Magazines,MAGAZINES,5d5d4fd16d5f3b23d1bc7905,People Magazine,0.0,511111105114
422,592486bfe410d61fcea3d13d,511111000679,Personal Care,PERSONAL CARE,5332f5f6e4b03c9a25efd0b4,TIGI,0.0,TIGI
423,5daf3365a60b87376833e35b,511111805908,Breakfast & Cereal,BREAKFAST & CEREAL,5332f5f3e4b03c9a25efd0ae,Autumn's Gold™,0.0,AUTUMN'S GOLD
424,5a5d2a86e4b06ba572cf24a6,511111900108,Beauty & Personal Care,BEAUTY & PERSONAL CARE,53e10d6368abd3c7065097cc,Brooke Bond,0.0,BROOKE BOND
425,5d6415c66d5f3b23d1bc790c,511111105046,Magazines,MAGAZINES,5d5d4fd16d5f3b23d1bc7905,Food & Wine Magazine,0.0,511111105046
426,57c08285e4b0718ff5fcb038,511111702450,,,Cpgs,Quilmes,0.0,
428,5c9a975495144c182bbc7270,511111208532,Grocery,GROCERY,5c7470c895144c124ecd5c09,Test FRS-920 again1,1.0,AMPTEST
429,5332f709e4b03c9a25efd0f0,511111903857,Beer Wine Spirits,BEER WINE SPIRITS,5332f709e4b03c9a25efd0f1,Coors Light,0.0,COORS
430,5dc1aaf51dda2c0ad7da64ad,511111506317,Beverages,BEVERAGES,5332f5fbe4b03c9a25efd0ba,BOLT24,0.0,BOLT 24
431,58861c7f4e8d0d20bc42c4f8,511111801313,Beverages,BEVERAGES,5332f5fbe4b03c9a25efd0ba,Mist Twst,0.0,MIST TWST
435,5fd28f0cbe37ce6d53dfc692,511111518044,Dairy & Refrigerated,DAIRY & REFRIGERATED,5e7cf838f221c312e698a628,Sargento® Cheese,0.0,SARGENTO
450,5da60785a60b87376833e34e,511111705673,Health & Wellness,HEALTH & WELLNESS,5d9b4f591dda2c6225a284aa,Alka-Seltzer Plus®,0.0,ALKA SELTZER PLUS
458,5332f7ace4b03c9a25efd13a,511111803515,,,Cpgs,Michelob Ultra,0.0,
459,5daf5d1aa60b87376833e361,511111506034,Breakfast & Cereal,BREAKFAST & CEREAL,5332f5f3e4b03c9a25efd0ae,Cocoa Puffs™,0.0,COCOA PUFFS
461,5afda26ce4b0c11cfecd49f8,511111904502,Snacks,SNACKS,5a734034e4b0d58f376be874,Jay's,0.0,JAYS
462,592486bee410d61fcea3d130,511111100782,Grocery,GROCERY,5332f5f6e4b03c9a25efd0b4,KNORR,0.0,KNORR
463,57c0812de4b0718ff5fcb02e,511111402527,,,Cpgs,Crunchy Nut,0.0,
464,5a5d1c62e4b0db471c2d0424,511111500384,Beer Wine Spirits,BEER WINE SPIRITS,5332f709e4b03c9a25efd0f1,Cristal,0.0,CRISTAL
466,57ebbcc2e4b0ac389136a32c,511111502210,Frozen,FROZEN,559c2234e4b06aca36af13c6,Boca,0.0,BOCA
467,5c409ab4cd244a3539b84162,511111004790,Baking,BAKING,55b62995e4b0d8e685c14213,alexa,1.0,ALEXA
468,5daf54ec1dda2c3e1416ae98,511111806011,Breakfast & Cereal,BREAKFAST & CEREAL,5332f5f3e4b03c9a25efd0ae,KIX™,0.0,KIX
470,5d658fc0a3a018514994f430,511111205173,,,53e10d6368abd3c7065097cc,Allrecipes Special Edition Magazine,0.0,
471,585a966be4b03e62d1ce0e7e,511111901709,Snacks,SNACKS,5332f5fbe4b03c9a25efd0ba,Grandma's,1.0,GRANDMA'S
473,5a5d24c2e4b0db471c2d042b,511111500223,Beer Wine Spirits,BEER WINE SPIRITS,5332f709e4b03c9a25efd0f1,Sharp's,0.0,SHARP'S NEAR BEER
474,5332f7e0e4b03c9a25efd151,511111303381,,,Cpgs,Good Earth,0.0,
475,5db77d891dda2c3e1416ae9f,511111106159,Beverages,BEVERAGES,559c2234e4b06aca36af13c6,Baileys Coffee Products,0.0,BAILEYS
476,5f21c852be37ce7958c59529,511111515241,Cleaning & Home Improvement,CLEANING & HOME IMPROVEMENT,5f10c05cbe37ce238c6cabaf,FINISH®,0.0,FINISH
477,5bcdfc5a965c7d66d92731e9,511111304616,Beverages,BEVERAGES,53e10d6368abd3c7065097cc,V8 Hydrate,0.0,
480,57ebc017e4b0ac389136a336,511111602118,Baking,BAKING,559c2234e4b06aca36af13c6,Jell-O,0.0,JELL-O
483,5ab15207e4b0be0a89bb0b04,511111304333,Snacks,SNACKS,5a734034e4b0d58f376be874,Goldfish,0.0,GOLDFISH
484,5332f5f6e4b03c9a25efd0b2,511111703983,,,Cpgs,Coca-Cola,0.0,
487,58861c7f4e8d0d20bc42c500,511111801245,Snacks,SNACKS,5332f5fbe4b03c9a25efd0ba,Quaker Rice Cakes,0.0,
488,5cc725bd166eb31bbbadccbd,511111304777,Beer Wine Spirits,BEER WINE SPIRITS,5332f709e4b03c9a25efd0f1,Cape Line,0.0,CAPE LINE
490,585a96b3e4b03e62d1ce0e85,511111201632,Grocery,GROCERY,5332f5fbe4b03c9a25efd0ba,Near East,0.0,NEAR EAST
491,5332f6f4e4b03c9a25efd0ed,511111103868,,,Cpgs,Peace Tea,0.0,
492,5d642dd1a3a018514994f42f,511111505150,Magazines,MAGAZINES,5d5d4fd16d5f3b23d1bc7905,Southern Living,0.0,511111505150
493,5332f802e4b03c9a25efd16d,511111003311,,,Cpgs,Light & Fit,0.0,
494,5ef3860fbe37ce02da95b72e,511111015024,Cleaning & Home Improvement,CLEANING & HOME IMPROVEMENT,5eebc5412455c97a877ef382,Clorox,0.0,CLOROX
495,585a9698e4b03e62d1ce0e83,511111901655,Beverages,BEVERAGES,5332f5fbe4b03c9a25efd0ba,Mountain Dew Diet,0.0,
496,5a5e36d6e4b06ba572cf24ac,511111500018,Dairy,DAIRY,559c2234e4b06aca36af13c6,May-Bud,0.0,MAY-BUD
498,55bf8c6ce4b0d8e685c1489d,511111802563,Beverages,BEVERAGES,5332f5fbe4b03c9a25efd0ba,Gatorade,0.0,GATORADE
500,5a8c3140e4b07f0a2dac8941,511111304104,Grocery,GROCERY,5a734034e4b0d58f376be874,Garden Fresh Gourmet,0.0,GARDEN FRESH GOURMET
501,5a5d17ede4b06ba572cf2498,511111000440,Breakfast & Cereal,BREAKFAST & CEREAL,5332f5fbe4b03c9a25efd0ba,AUNT JEMIMA Dry Breakfast Mixes,0.0,AUNT JEMIMA DRY BREAKFAST MIXES
502,5a5d23f1e4b06ba572cf24a0,511111700258,Beer Wine Spirits,BEER WINE SPIRITS,5332f709e4b03c9a25efd0f1,Olde English,0.0,OLDE ENGLISH
504,58861c7e4e8d0d20bc42c4f6,511111501336,Snacks,SNACKS,5332f5fbe4b03c9a25efd0ba,Matador Snacks,0.0,MATADOR
505,580dff8fe4b0f32b2de21380,511111401872,Dairy,DAIRY,Cpgs,DiGiorno Cheese,0.0,
506,5d66d516a3a018093ab34725,511111305286,Magazines,MAGAZINES,5d5d4fd16d5f3b23d1bc7905,Country Home Magazine,0.0,511111305286
507,5daf4f9ca60b87376833e360,511111105992,Breakfast & Cereal,BREAKFAST & CEREAL,5332f5f3e4b03c9a25efd0ae,Reese's® Puffs,0.0,REESE'S PUFFS
508,5daf6e31a60b87376833e365,511111706113,Breakfast & Cereal,BREAKFAST & CEREAL,5332f5f3e4b03c9a25efd0ae,Golden Grahams™,0.0,GOLDEN GRAHAMS
509,5332f7ace4b03c9a25efd13b,511111303503,,,Cpgs,Bacardi,0.0,
511,5d66d8c86d5f3b6188d4f049,511111805342,Magazines,MAGAZINES,5d5d4fd16d5f3b23d1bc7905,LIFE Special Edition Magazine ,0.0,511111805342
513,5332fa74e4b03c9a25efd21e,511111003038,,,Cpgs,Sprite,0.0,
515,585a96e9e4b03e62d1ce0e8b,511111901587,Grocery,GROCERY,5332f5fbe4b03c9a25efd0ba,Rice A Roni,0.0,RICE-A-RONI
516,5332f756e4b03c9a25efd113,511111503743,,,Cpgs,Murray,0.0,
517,5afda67de4b0c11cfecd49fc,511111504573,Snacks,SNACKS,5a734034e4b0d58f376be874,STELLA D'ORO,0.0,STELLA DORO
520,5ab15669e4b0be0a89bb0b08,511111704423,Grocery,GROCERY,5a734034e4b0d58f376be874,Campbell's Ready Meals,0.0,CAMPBELLS READY MEALS
521,5332f612e4b03c9a25efd0c4,511111803881,,,Cpgs,Kickstart,0.0,
522,5f21ca86be37ce7958c5952b,511111215264,Cleaning & Home Improvement,CLEANING & HOME IMPROVEMENT,5f10c05cbe37ce238c6cabaf,RESOLVE®,0.0,RESOLVE
523,57e580e8e4b0ac389136a304,511111302292,Beer Wine Spirits,BEER WINE SPIRITS,5332f709e4b03c9a25efd0f1,Coors Banquet,0.0,
524,58861c7e4e8d0d20bc42c4f7,511111001324,Snacks,SNACKS,5332f5fbe4b03c9a25efd0ba,Maui Style Chips,0.0,MAUI STYLE
525,5332fa84e4b03c9a25efd232,511111002871,,,Cpgs,Powerade Zero,0.0,
526,5d2f3eada3a01810a2174aeb,511111804833,Frozen,FROZEN,5332f5f6e4b03c9a25efd0b4,CULTURE REPUBLICK ,0.0,CULTURE REPUBLICK 
527,5daf63151dda2c3e1416ae9b,511111906070,Breakfast & Cereal,BREAKFAST & CEREAL,5332f5f3e4b03c9a25efd0ae,Wheaties™,0.0,WHEATIES
529,55bf8c15e4b0d8e685c1489c,511111302575,Breakfast & Cereal,BREAKFAST & CEREAL,5332f5fbe4b03c9a25efd0ba,Quaker Life,0.0,
531,5da605bea60b87376833e34a,511111805571,Health & Wellness,HEALTH & WELLNESS,53e10d6368abd3c7065097cc,AFRIN® ORIGINAL NASAL SPRAY,0.0,511111805571
534,5952a596e4b08f39def64d03,511111800644,Beer Wine Spirits,BEER WINE SPIRITS,5332f709e4b03c9a25efd0f1,Zima,0.0,ZIMA
536,5d6027f46d5f3b23d1bc7906,511111204923,Snacks,SNACKS,5332f5fbe4b03c9a25efd0ba,CHESTER'S,0.0,CHESTERS
538,5afda1dae4b0c11cfecd49f6,511111604471,Snacks,SNACKS,5a734034e4b0d58f376be874,Cape Cod,0.0,CAPE COD
539,5e710dbeee7f2d0b35b2a192,511111814085,Dairy & Refrigerated,DAIRY & REFRIGERATED,5e5ea9cc9c50da1291a6d074,COUNTRY CROCK PLANT BUTTER,0.0,COUNTRY CROCK PLANT BUTTER
540,5d66dad8a3a018093ab34729,511111205388,Magazines,MAGAZINES,5d5d4fd16d5f3b23d1bc7905,National Geographic Special Edition Magazine ,0.0,511111205388
541,5daf5f65a60b87376833e363,511111206057,Breakfast & Cereal,BREAKFAST & CEREAL,5332f5f3e4b03c9a25efd0ae,Chocolate Lucky Charms™,0.0,CHOCOLATE LUCKY CHARMS
561,5fb8216ebe37ce522e165cdd,511111517726,Bread & Bakery,BREAD & BAKERY,5fb6b608be37ce522e165cb9,Ball Park,0.0,BALL PARK
562,5332f765e4b03c9a25efd120,511111003687,,,Cpgs,Glaceau fruitwater,0.0,
564,5a5d1f46e4b0db471c2d0427,511111700302,Beer Wine Spirits,BEER WINE SPIRITS,5332f709e4b03c9a25efd0f1,Hidden Barrel Collection,0.0,HIDDEL BARREL COLLECTION
565,5db9e8db1dda2c3e1416aea1,511111506195,Frozen,FROZEN,559c2234e4b06aca36af13c6,Launch Box,0.0,LAUNCH BOX
566,57ebc2bde4b0ac389136a348,511111101949,Frozen,FROZEN,559c2234e4b06aca36af13c6,Poppers,0.0,
567,5a02196ce4b00efe02b02a5a,511111600565,Beauty,BEAUTY,5332f5f6e4b03c9a25efd0b4,SIMPLE,0.0,SIMPLE
568,5a5d2bcbe4b0db471c2d0435,511111600077,Beauty & Personal Care,BEAUTY & PERSONAL CARE,53e10d6368abd3c7065097cc,Salon Selectives,0.0,SALON SELECTIVES
569,57d9580ee4b0ac389136a2b6,511111802358,Dairy,DAIRY,559c2234e4b06aca36af13c6,Cracker Barrel Cheese,0.0,CRACKER BARREL
570,5c112616315a241ba1716511,511111404729,Baby,BABY,550b2565e4b001d5e9e4146f,Huggies Little Swimmers,0.0,HUGGIES LITTLE SWIMMERS
573,5db20be5a60b87376833e366,511111406136,Breakfast & Cereal,BREAKFAST & CEREAL,5332f5f3e4b03c9a25efd0ae,Blasted Shreds™,0.0,SHREDS
574,5d9d08d1a60b87376833e348,511111605546,Snacks,SNACKS,5332f5fbe4b03c9a25efd0ba,Baken-Ets,0.0,BAKEN ETS
575,5daf54491dda2c3e1416ae97,511111306009,Breakfast & Cereal,BREAKFAST & CEREAL,5332f5f3e4b03c9a25efd0ae,Honey Nut Cheerios™,0.0,HONEY NUT CHEERIOS
576,5332f734e4b03c9a25efd103,511111003809,,,Cpgs,Johnsonville,0.0,
577,53501d29b9237fd7718f9e15,511111302858,,,Cpgs,Tombstone,0.0,
578,5332f775e4b03c9a25efd128,511111903628,,,Cpgs,Chex,0.0,
580,5c76dd4d95144c5375687b52,511111806899,Baby,BABY,5c76dd1095144c5375687b51,DASH-2249 1 brand 1,1.0,DASH-2249 1 BRAND 1
581,585a964ce4b03e62d1ce0e7a,511111301745,Snacks,SNACKS,5332f5fbe4b03c9a25efd0ba,Cracker Jack,1.0,CRACKER JACK
582,5f59002dbe37ce21f1287c10,511111316558,Baby,BABY,5f58fa84be37ce21f1287c0f,Gerber Good Start,0.0,GERBER GOOD START
586,5332fa7be4b03c9a25efd22c,511111502937,,,Cpgs,Fresca,0.0,
587,5d6412e9a3a018514994f426,511111304982,Magazines,MAGAZINES,5d5d4fd16d5f3b23d1bc7905,Better Homes & Gardens Magazine,0.0,BETTER HOMES & GARDENS
588,5332f7b4e4b03c9a25efd140,511111303459,,,Cpgs,Bud Light Platinum,0.0,
589,5fb821d1be37ce522e165cde,511111017738,Grocery,GROCERY,5fb6b608be37ce522e165cb9,Bimbo,0.0,BIMBO
590,5457a0cde4b05a46170caebc,511111402756,,,Cpgs,Fetch Rewards,0.0,
591,5332f7f5e4b03c9a25efd163,511111403357,Beer Wine Spirits,BEER WINE SPIRITS,5332f709e4b03c9a25efd0f1,Leinenkugel's,0.0,LEINENKUGEL'S
592,5f590184be37ce21f1287c12,511111016571,Baby,BABY,5f58fa84be37ce21f1287c0f,Nestle NAN,0.0,NESTLE NAN
594,57ebc01fe4b0ac389136a337,511111102106,Baking,BAKING,559c2234e4b06aca36af13c6,Jet-Puffed,0.0,JET-PUFFED
596,5f298852be37ce7958c5952d,511111915287,Magazines,MAGAZINES,5d66b9dcee7f2d201c7281cd,Health Magazine,0.0,HEALTH
597,57ebc144e4b0ac389136a33f,511111902027,Dairy,DAIRY,559c2234e4b06aca36af13c6,Kraft Singles,0.0,
599,5332fa7ce4b03c9a25efd22d,511111002925,,,Cpgs,Diet Coke Lime,0.0,
602,5d66def56d5f3b6188d4f051,511111705444,Magazines,MAGAZINES,5d5d4fd16d5f3b23d1bc7905,Rolling Stone Special Collectors Edition Magazine,0.0,511111705444
603,5a5d1a67e4b06ba572cf2499,511111800439,Snacks,SNACKS,5332f5fbe4b03c9a25efd0ba,MUNCHIES,0.0,MUNCHIES
604,5da608c91dda2c3e1416ae8d,511111605775,Health & Wellness,HEALTH & WELLNESS,53e10d6368abd3c7065097cc,ONE A DAY® 50+,0.0,511111605775
608,5daf329ca60b87376833e35a,511111205890,Snacks,SNACKS,53e10d6368abd3c7065097cc,Annie's Homegrown,0.0,ANNIE'S
611,5db6fb28a60b87376833e367,511111606147,Health & Wellness,HEALTH & WELLNESS,5d9b4f591dda2c6225a284aa,Midol® ,0.0,MIDOL
613,5cdacf1c166eb33eb7ce0fa9,511111604808,Condiments & Sauces,CONDIMENTS & SAUCES,559c2234e4b06aca36af13c6,Twisted Ranch,0.0,TWISTED RANCH
614,53501d29b9237fd7718f9e17,511111602835,,,Cpgs,Jacks,0.0,
615,5afda00ce4b0c11cfecd49f4,511111904458,Snacks,SNACKS,53e10d6368abd3c7065097cc,Emerald,0.0,EMERALD
617,5332f9fde4b03c9a25efd1cf,511111303176,,,Cpgs,Froot Loops,0.0,
619,5db77f7aa60b87376833e368,511111306160,Beverages,BEVERAGES,559c2234e4b06aca36af13c6,Hershey's Hot Cocoa Mix,0.0,HERSHEYS HOT COCOA
620,592486bee410d61fcea3d135,511111700746,Beverages,BEVERAGES,5332f5f6e4b03c9a25efd0b4,PG TIPS,0.0,PG TIPS
621,58861c7f4e8d0d20bc42c4fd,511111501268,Breakfast & Cereal,BREAKFAST & CEREAL,5332f5fbe4b03c9a25efd0ba,Quaker Puffed,0.0,
622,5a5d1a8ce4b0db471c2d0420,511111300427,Snacks,SNACKS,5332f5fbe4b03c9a25efd0ba,MUNCHOS,0.0,MUNCHOS
623,57ebc15fe4b0ac389136a342,511111202004,Deli,DELI,559c2234e4b06aca36af13c6,Lunchables,0.0,LUNCHABLES
624,5332f9fce4b03c9a25efd1cc,511111603207,,,Cpgs,Nutri-Grain,0.0,
625,57c08250e4b0718ff5fcb033,511111702504,,,Cpgs,Leffe,0.0,
626,5f21c99dbe37ce7958c5952a,511111015253,Cleaning & Home Improvement,CLEANING & HOME IMPROVEMENT,5f10c05cbe37ce238c6cabaf,WOOLITE®,0.0,WOOLITE
627,5d6412d36d5f3b23d1bc7908,511111104971,Magazines,MAGAZINES,5d5d4fd16d5f3b23d1bc7905,Travel and Leisure Magazine,0.0,511111104971
628,5bd2011f90fa074576779a17,511111704652,Baby,BABY,550b2565e4b001d5e9e4146f,Huggies,0.0,HUGGIES
630,5332fa7de4b03c9a25efd22f,511111302902,,,Cpgs,Sprite Zero,0.0,
632,5a8c2e5ee4b0ccf165fac9e1,511111004073,Snacks,SNACKS,5a734034e4b0d58f376be874,Bisca,0.0,BISCA
635,58861c7e4e8d0d20bc42c4e9,511111901372,Beer Wine Spirits,BEER WINE SPIRITS,5332f709e4b03c9a25efd0f1,Peroni Italy,0.0,PERONI
637,5332fa67e4b03c9a25efd216,511111403074,,,Cpgs,Orv's,0.0,
638,55a41a9de4b0d0a65b3692ed,511111002710,,,Cpgs,RPs,0.0,
640,5db9f8c5a60b87376833e36a,511111106203,Snacks,SNACKS,5332f5f3e4b03c9a25efd0ae,Fruit Gushers™,0.0,BETTY CROCKER GUSHERS
641,5332f789e4b03c9a25efd12c,511111603597,,,Cpgs,Bugles,0.0,
643,5332f762e4b03c9a25efd11e,511111103707,,,Cpgs,Glaceau vitaminwater zero,0.0,
645,5daf2baea60b87376833e359,511111505877,Breakfast & Cereal,BREAKFAST & CEREAL,5332f5f3e4b03c9a25efd0ae,Lucky Charms®,0.0,LUCKY CHARMS
646,57d95741e4b0ac389136a2b1,511111802402,Grocery,GROCERY,559c2234e4b06aca36af13c6,Back to Nature Meals,0.0,BACK TO NATURE DINNERS
647,5332f7b2e4b03c9a25efd13f,511111503460,,,Cpgs,Budweiser Select 55,0.0,
649,537b7ec2892471241348d70a,511111302780,,,Cpgs,Cedar Crest,0.0,
651,5d642d65a3a018514994f42d,511111305125,Magazines,MAGAZINES,5d5d4fd16d5f3b23d1bc7905,Rachael Ray Everyday,0.0,511111305125
652,5fb829c0be37ce522e165ce4,511111117797,Grocery,GROCERY,5fb6b608be37ce522e165cb9,Grandma Sycamore,0.0,GRANDMA SYCAMORE
653,5dc2db051dda2c0ad7da64b0,511111106364,Breakfast & Cereal,BREAKFAST & CEREAL,5332f5f3e4b03c9a25efd0ae,Mermaid Cereal,0.0,MERMAID CEREAL
655,5332f5fde4b03c9a25efd0bc,511111803959,Beverages,BEVERAGES,5332f5fbe4b03c9a25efd0ba,Aquafina,0.0,AQUAFINA
656,5d66e20b6d5f3b6188d4f055,511111705512,Beverages,BEVERAGES,5332f5fbe4b03c9a25efd0ba,SoBe Drinks,0.0, SOBE
657,5332f9f4e4b03c9a25efd1ca,511111103219,,,Cpgs,Rice Krispies,0.0,
658,5d6594a2a3a018514994f434,511111905240,Magazines,MAGAZINES,5d5d4fd16d5f3b23d1bc7905,Kitchen and Baths,0.0,511111905240
660,55b630d3e4b0d8e685c1421e,511111802631,,,55b62995e4b0d8e685c14213,Sunkist,0.0,
661,5ab154eae4b0915382df7620,511111004400,Condiments & Sauces,CONDIMENTS & SAUCES,5a734034e4b0d58f376be874,Campbell's Dinner Sauces,0.0,CAMPBELLS DINNER SAUCES 
662,55b630ece4b0d8e685c14221,511111602606,,,55b62995e4b0d8e685c14213,Squirt,0.0,
663,5cdad1daca6a4c76f3f8c515,511111304821,Condiments & Sauces,CONDIMENTS & SAUCES,559c2234e4b06aca36af13c6,Wild Style Sauce,0.0,WILD STYLE
664,592486bee410d61fcea3d128,511111300861,Personal Care,PERSONAL CARE,5332f5f6e4b03c9a25efd0b4,DOVE,0.0,DOVE BODY
668,57d96124e4b0ac389136a2b9,511111602323,Frozen,FROZEN,559c2234e4b06aca36af13c6,Smart Ones,0.0,WEIGHT WATCHERS SMART ONES
669,5da60696a60b87376833e34c,511111805625,Health & Wellness,HEALTH & WELLNESS,53e10d6368abd3c7065097cc,ALEVE® LIQUID GELS,0.0,ALEVE LIQUID GELS
670,5332f603e4b03c9a25efd0bf,511111603924,,,Cpgs,Lipton,0.0,
671,591325cde4b0cddf4ebb6a69,511111200963,Snacks,SNACKS,5332f5fbe4b03c9a25efd0ba,SANTITAS Tortilla Chips,0.0,SANTITAS
672,5d4880ca6d5f3b105d1bc8dc,511111204879,Dairy,DAIRY,559c2234e4b06aca36af13c6,Fruit Love Spoonable Smoothies,0.0,FRUIT LOVE
673,585a9744e4b03e62d1ce0e98,511111301462,Beverages,BEVERAGES,5332f5fbe4b03c9a25efd0ba,Tropicana,0.0,TROPICANA
674,585a96fbe4b03e62d1ce0e8e,511111001553,,,Cpgs,Sabra,0.0,
675,5daf68751dda2c3e1416ae9c,511111106081,Breakfast & Cereal,BREAKFAST & CEREAL,5332f5f3e4b03c9a25efd0ae,Raisin Nut Bran,0.0,RAISIN NUT BRAN
676,5da607daa60b87376833e350,511111405696,Health & Wellness,HEALTH & WELLNESS,53e10d6368abd3c7065097cc,Bayer® ASPRIN EXTRA STRENGTH ,0.0,511111405696
677,5332f9f1e4b03c9a25efd1c5,511111503255,,,Cpgs,Corn Flakes,0.0,
678,5887a28ae4b02187f85cdad6,511111901143,Dairy,DAIRY,559c2234e4b06aca36af13c6,Velveeta,0.0,VELVEETA
679,592486bee410d61fcea3d12b,511111400837,Frozen,FROZEN,5332f5f6e4b03c9a25efd0b4,GOOD HUMOR,0.0,GOOD HUMOR
680,5aa1b53ae4b086c8aad5e097,511111804277,Breakfast & Cereal,BREAKFAST & CEREAL,559c2234e4b06aca36af13c6,JUST CRACK AN EGG Scramble Kit,0.0,JUST CRACK AN EGG
682,5d6417f56d5f3b23d1bc790d,511111305071,Magazines,MAGAZINES,5d5d4fd16d5f3b23d1bc7905,MARTHA STEWART LIVING MAGAZINE,0.0,511111305071
683,592486bee410d61fcea3d129,511111100850,Personal Care,PERSONAL CARE,5332f5f6e4b03c9a25efd0b4,DOVE MEN+CARE,0.0,
684,588ba0f5e4b02187f85cdade,511111701064,Grocery,GROCERY,559c2234e4b06aca36af13c6,Cracker Barrel Macaroni & Cheese Dinners,0.0,
687,5332f5fbe4b03c9a25efd0b9,511111503972,Beverages,BEVERAGES,Cpgs,Pepsi,0.0,PEPSI
688,5daf2e2a1dda2c3e1416ae92,511111705888,Snacks,SNACKS,5332f5f3e4b03c9a25efd0ae,Mott's® Fruit Snacks,0.0,MOTT'S
689,5332f9fde4b03c9a25efd1ce,511111503187,,,Cpgs,Corn Pops,0.0,
690,5a8f6461e4b02d0314ffa208,511111604242,Snacks,SNACKS,5a734034e4b0d58f376be874,Riberhus,0.0,RIBERHUS
691,58861d07e4b02187f85cdacd,511111601234,Snacks,SNACKS,559c2234e4b06aca36af13c6,Hershey's Pudding,0.0,HERSHEY'S PUDDING
693,5332f7aae4b03c9a25efd139,511111003526,,,Cpgs,Busch,0.0,
694,53501d29b9237fd7718f9e16,511111802846,,,Cpgs,Digiorno,0.0,
696,5c49d4c5315a247b580d50fb,511111604754,Baby,BABY,59b96571e4b0bf7c7980588b,GO & GROW,0.0,GO & GROW
698,592486bde410d61fcea3d126,511111000884,Dairy,DAIRY,53e10d6368abd3c7065097cc,COUNTRY CROCK,0.0,COUNTRY CROCK
699,585a971ae4b03e62d1ce0e93,511111601517,Snacks,SNACKS,5332f5fbe4b03c9a25efd0ba,Stacy's,0.0,STACY'S
700,5332f7a9e4b03c9a25efd137,511111703549,,,Cpgs,Budweiser Select,0.0,
701,5a5d1e5fe4b06ba572cf249d,511111100348,Condiments & Sauces,CONDIMENTS & SAUCES,559c2234e4b06aca36af13c6,MR. YOSHIDA'S,0.0,MR. YOSHIDA'S
702,5332f77de4b03c9a25efd12b,511111203605,,,Cpgs,Bisquick,0.0,
703,57dd5a50e4b0ac389136a2d9,511111902300,,,Cpgs,Austin,0.0,
708,5332fa7ae4b03c9a25efd228,511111902973,,,Cpgs,Barq's,0.0,
710,57ebc158e4b0ac389136a341,511111702016,Condiments & Sauces,CONDIMENTS & SAUCES,559c2234e4b06aca36af13c6,Lea & Perrins,0.0,LEA & PERRINS
711,5332fa73e4b03c9a25efd21d,511111203049,,,Cpgs,Caffeine-free Diet Coke,0.0,
712,57ebc009e4b0ac389136a334,511111302131,Condiments & Sauces,CONDIMENTS & SAUCES,559c2234e4b06aca36af13c6,Heinz,0.0,HEINZ
713,5fb6b695be37ce522e165cba,511111017387,Grocery,GROCERY,5fb6b608be37ce522e165cb9,Sara Lee,0.0,SARA LEE 
715,5a5d1e8fe4b06ba572cf249e,511111400325,Grocery,GROCERY,559c2234e4b06aca36af13c6,OVEN FRY,0.0,OVEN FRY
716,5d658fde6d5f3b23d1bc7913,511111505204,,,53e10d6368abd3c7065097cc,BETTY CROCKER SPECIAL EDITION MAGAZINE,0.0,
718,57c08268e4b0718ff5fcb035,511111602484,,,Cpgs,Skol,0.0,
719,5a5d2856e4b0db471c2d0430,511111300144,Beer Wine Spirits,BEER WINE SPIRITS,5332f709e4b03c9a25efd0f1,Two Hats,0.0,TWO HATS
720,591b7682e4b0cddf4ebb6a6a,511111000952,Beverages,BEVERAGES,5332f5fbe4b03c9a25efd0ba,Starbucks Ready-To-Drink Beverages,0.0,STARBUCKS Bottled Drinks
721,585a965be4b03e62d1ce0e7c,511111601722,Snacks,SNACKS,5332f5fbe4b03c9a25efd0ba,Fritos,1.0,FRITOS
722,585a96c2e4b03e62d1ce0e87,511111701620,Grocery,GROCERY,5332f5fbe4b03c9a25efd0ba,Pasta Roni,0.0,PASTA RONI
723,55b6309ce4b0d8e685c1421b,511111702665,Beverages,BEVERAGES,55b62995e4b0d8e685c14213,7 up,1.0,BRAND CODE
724,5d641257a3a018514994f425,511111604969,Magazines,MAGAZINES,5d5d4fd16d5f3b23d1bc7905,Allrecipes Magazine,0.0,ALLRECIPES
725,5a7e0c1ae4b0782f27c68d4e,511111504061,Grocery,GROCERY,53e10d6368abd3c7065097cc,1_KRAFT Hockeyville,0.0,
727,5ab130e2e4b0915382df7619,511111504290,Beverages,BEVERAGES,5a734034e4b0d58f376be874,V8V Fusion,0.0,V8 V FUSION 
729,5d66dbf36d5f3b6188d4f04d,511111705390,Beverages,BEVERAGES,5332f5fbe4b03c9a25efd0ba,H2OH! Sparkling Water,0.0,H20H
730,5332f7f0e4b03c9a25efd160,511111603368,Beer Wine Spirits,BEER WINE SPIRITS,5332f709e4b03c9a25efd0f1,Miller Genuine Draft,0.0,MILLER GENUINE DRAFT
732,5332f9f1e4b03c9a25efd1c4,511111703266,,,Cpgs,Special K,0.0,
733,5332f7a8e4b03c9a25efd136,511111203551,,,Cpgs,Busch Light,0.0,
734,5d5abca1a3a018514994f421,511111504900,Grocery,GROCERY,559c2234e4b06aca36af13c6,Amazing Grains,0.0,AMAZING GRAINS
736,5dc07de6a60b873d6b0666d0,511111406297,Breakfast & Cereal,BREAKFAST & CEREAL,53e10d6368abd3c7065097cc,Chocolate Cheerios™,0.0,CHOCOLATE CHEERIOS
737,5d66dfec6d5f3b6188d4f053,511111105480,Beverages,BEVERAGES,5332f5fbe4b03c9a25efd0ba,O.N.E. Coconut Water,0.0,ONE
738,5a5d209ae4b0db471c2d0429,511111600282,Beer Wine Spirits,BEER WINE SPIRITS,5332f709e4b03c9a25efd0f1,Keystone Ice,0.0,KEYSTONE ICE
739,5a5d1d05e4b06ba572cf249b,511111800361,Dairy,DAIRY,559c2234e4b06aca36af13c6,DIGIORNO CHEESE,0.0,DIGIORNO CHEESE
740,5d601d74a3a018514994f422,511111004912,Snacks,SNACKS,53e10d6368abd3c7065097cc,Caleb's Kola,0.0,CALEBS KOLA
742,58861c7e4e8d0d20bc42c4ea,511111401360,Beer Wine Spirits,BEER WINE SPIRITS,5332f709e4b03c9a25efd0f1,Pilsner Urquell,0.0,PILSNER URQUELL
744,540f241c68abd3c7065097d5,511111602767,,,Cpgs,Prairie Farms,0.0,
745,5ab13217e4b0915382df761b,511111804321,Snacks,SNACKS,5a734034e4b0d58f376be874,Milano,0.0, MILANO
747,53501e6cb9237fd7718f9e25,511111402800,,,Cpgs,Palermo,0.0,
749,5dc07e2aa60b873d6b0666d1,511111006305,,,53e10d6368abd3c7065097cc,"General Mills ""Big G"" Cereal",0.0,GENERAL MILLS CEREAL
751,592486bde410d61fcea3d125,511111500896,Personal Care,PERSONAL CARE,5332f5f6e4b03c9a25efd0b4,CLEAR,0.0,CLEAR
752,5a5d10b5e4b06ba572cf2497,511111700463,Beer Wine Spirits,BEER WINE SPIRITS,5332f709e4b03c9a25efd0f1,Arnold Palmer Spiked,0.0,ARNOLD PALMER SPIKED HALF & HALF ORIGINAL
753,5fb81985be37ce522e165cdb,511111817703,Beer Wine Spirits,BEER WINE SPIRITS,5fb6d381be37ce522e165cbd,Absolut® Lime,0.0,ABSOLUT® LIME
754,5fb81718be37ce522e165cd6,511111817659,Beer Wine Spirits,BEER WINE SPIRITS,5fb6d381be37ce522e165cbd,Absolut® Juice Strawberry,0.0,ABSOLUT® JUICE STRAWBERRY
755,5fb817e8be37ce522e165cd8,511111517672,Beer Wine Spirits,BEER WINE SPIRITS,5fb6d381be37ce522e165cbd,Absolut® Original,0.0,ABSOLUT® ORIGINAL
756,5fb818abbe37ce522e165cd9,511111717683,Beer Wine Spirits,BEER WINE SPIRITS,5fb6d381be37ce522e165cbd,Absolut® Mandrin,0.0,ABSOLUT® MANDRIN
757,5fb7f9c2be37ce522e165cc8,511111517511,Beer Wine Spirits,BEER WINE SPIRITS,5fb6d381be37ce522e165cbd,Absolut® Elyx,0.0,ABSOLUT ELYX
758,5fb81796be37ce522e165cd7,511111017660,Beer Wine Spirits,BEER WINE SPIRITS,5fb6d381be37ce522e165cbd,Absolut® Juice Apple,0.0,ABSOLUT® JUICE APPLE
759,5fb7f8febe37ce522e165cc7,511111017509,Beer Wine Spirits,BEER WINE SPIRITS,5fb6d381be37ce522e165cbd,Aberlour®,0.0,ABERLOUR
760,5fb80a6bbe37ce522e165cd0,511111317593,Beer Wine Spirits,BEER WINE SPIRITS,5fb6d381be37ce522e165cbd,Jameson® Cold Brew ,0.0,JAMESON COLD BREW 
761,5fb6d68abe37ce522e165cbf,511111817420,Beer Wine Spirits,BEER WINE SPIRITS,5fb6d381be37ce522e165cbd,Jefferson’s Reserve®,0.0,JEFFERSON’S RESERVE
762,5fb6d5e4be37ce522e165cbe,511111617419,Beer Wine Spirits,BEER WINE SPIRITS,5fb6d381be37ce522e165cbd,Campo Viejo®,0.0,CAMPO VIEJO
763,5fb7e90fbe37ce522e165cc5,511111917489,Beer Wine Spirits,BEER WINE SPIRITS,5fb6d381be37ce522e165cbd,Kahlua®,0.0,KAHLUA
764,5fb7e52abe37ce522e165cc2,511111017455,Beer Wine Spirits,BEER WINE SPIRITS,5fb6d381be37ce522e165cbd,Mumm Napa®,0.0,MUMM NAPA 
765,5fb7e7aebe37ce522e165cc4,511111717478,Beer Wine Spirits,BEER WINE SPIRITS,5fb6d381be37ce522e165cbd,Malfy®,0.0,MALFY
766,5fb80e12be37ce522e165cd4,511111117636,Beer Wine Spirits,BEER WINE SPIRITS,5fb6d381be37ce522e165cbd,Malibu® Lime,0.0,MALIBU® LIME
767,5fb80e70be37ce522e165cd5,511111317647,Beer Wine Spirits,BEER WINE SPIRITS,5fb6d381be37ce522e165cbd,Malibu® Strawberry,0.0,MALIBU® STRAWBERRY
768,5fb7fae8be37ce522e165cca,511111217534,Beer Wine Spirits,BEER WINE SPIRITS,5fb6d381be37ce522e165cbd,Redbreast 12YO ,0.0,REDBREAST 12YO 
771,5a5d25b6e4b0db471c2d042c,511111800200,Beer Wine Spirits,BEER WINE SPIRITS,5332f709e4b03c9a25efd0f1,Sol,0.0,SOL
772,5332f807e4b03c9a25efd16f,511111903291,,,Cpgs,Activia,0.0,
773,585a9618e4b03e62d1ce0e75,511111201793,Snacks,SNACKS,5332f5fbe4b03c9a25efd0ba,Baked!,1.0,
776,57ebc2f0e4b0ac389136a34c,511111701903,Grocery,GROCERY,559c2234e4b06aca36af13c6,Wyler's,0.0,WYLER'S
778,5db9e6551dda2c3e1416aea0,511111006183,Frozen,FROZEN,559c2234e4b06aca36af13c6,Fat Rabbit,0.0,FAT RABBIT
779,5daf60021dda2c3e1416ae9a,511111406068,Breakfast & Cereal,BREAKFAST & CEREAL,5332f5f3e4b03c9a25efd0ae,Total™,0.0,TOTAL
782,55a58727e4b0d0a65b3693cd,511111402688,,,Cpgs,Nature's Bakery,0.0,
784,5332fa75e4b03c9a25efd220,511111503026,,,Cpgs,Coca-Cola Zero,0.0,
785,5fb80dd6be37ce522e165cd3,511111617624,Beer Wine Spirits,BEER WINE SPIRITS,5fb6d381be37ce522e165cbd,Malibu® Pineapple,0.0,MALIBU® PINEAPPLE
786,5c49d24df0276e771967371a,511111104742,Baby,BABY,59b96571e4b0bf7c7980588b,PURE BLISS,0.0,PURE BLISS
787,5a8c36a1e4b0ccf165fac9e8,511111604198,Snacks,SNACKS,5a734034e4b0d58f376be874,Royal Dansk,0.0,ROYAL DANSK
789,57ebc13de4b0ac389136a33e,511111402039,Dairy,DAIRY,Cpgs,Kraft Shredded Cheese,0.0,
790,57d9612be4b0ac389136a2ba,511111402312,Frozen,FROZEN,559c2234e4b06aca36af13c6,Devour,0.0,DEVOUR
791,5a8c2f7ce4b0ccf165fac9e3,511111704096,Canned Goods & Soups,CANNED GOODS & SOUPS,5a734034e4b0d58f376be874,Campbell's,0.0,CAMPBELLS
793,5a4d254ce4b0bcb2c74ea780,511111200475,Beverages,BEVERAGES,5332f5fbe4b03c9a25efd0ba,STUBBORN SODA,0.0,STUBBORN SODA
794,5fb6d83cbe37ce522e165cc1,511111517443,Beer Wine Spirits,BEER WINE SPIRITS,5fb6d381be37ce522e165cbd,Avion® Silver,0.0,AVION
807,5e5ff158ee7f2d0b35b2a18d,511111214038,Health & Wellness,HEALTH & WELLNESS,5d9b4f591dda2c6225a284aa,ONE A DAY®,0.0,ONE A DAY
808,5332fa77e4b03c9a25efd225,511111803003,,,Cpgs,Cherry Coke,0.0,
809,5d659490a3a018514994f433,511111705239,Magazines,MAGAZINES,5d5d4fd16d5f3b23d1bc7905,Happy Paws,0.0,511111705239
810,5e710da7ee7f2d0b35b2a191,511111614074,Dairy & Refrigerated,DAIRY & REFRIGERATED,5e5ea9cc9c50da1291a6d074,COUNTRY CROCK ORIGINAL,0.0,COUNTRY CROCK ORIGINAL
811,592486bee410d61fcea3d12c,511111900825,Condiments & Sauces,CONDIMENTS & SAUCES,5332f5f6e4b03c9a25efd0b4,Mayo by HELLMANN'S/BEST FOODS,0.0,HELLMANN'S/BEST FOODS
818,592486bfe410d61fcea3d13c,511111200680,Frozen,FROZEN,5332f5f6e4b03c9a25efd0b4,TALENTI,0.0,TALENTI
820,5da6097ea60b87376833e358,511111305842,Health & Wellness,HEALTH & WELLNESS,53e10d6368abd3c7065097cc,ONE A DAY® VITACRAVES ADULT MULTIVITAMINS,0.0,511111305842
821,58b59950e4b0857c2ddb7254,511111601005,Beer Wine Spirits,BEER WINE SPIRITS,5332f709e4b03c9a25efd0f1,Red Dog,0.0,RED DOG
822,58861c7e4e8d0d20bc42c4ee,511111201359,Beer Wine Spirits,BEER WINE SPIRITS,5332f709e4b03c9a25efd0f1,Smith & Forge Hard Cider,0.0,SMITH & FORGE
823,5a5e34fee4b0db471c2d0436,511111200031,Beverages,BEVERAGES,5332f5fbe4b03c9a25efd0ba,LIPTON Iced Tea Beverages,0.0,LIPTON Iced Tea Beverages
824,585a96f5e4b03e62d1ce0e8d,511111201564,Snacks,SNACKS,5332f5fbe4b03c9a25efd0ba,Ruffles,0.0,RUFFLES
825,5ab13165e4b0be0a89bb0b03,511111604310,Beverages,BEVERAGES,5a734034e4b0d58f376be874,V8 Plus Energy,0.0,V8 PLUS ENERGY 
826,5afda618e4b0c11cfecd49fa,511111804550,Snacks,SNACKS,5a734034e4b0d58f376be874,POP SECRET,0.0,POP SECRET
828,5332f800e4b03c9a25efd16c,511111203322,,,Cpgs,Fruit on the Bottom,0.0,
829,5887a0fde4b02187f85cdad1,511111801191,Beverages,BEVERAGES,559c2234e4b06aca36af13c6,Capri Sun,0.0,CAPRI SUN
830,5a5d1acce4b0db471c2d0421,511111100416,Snacks,SNACKS,5332f5fbe4b03c9a25efd0ba,NUT HARVEST,0.0,NUT HARVEST
832,57c0810fe4b0718ff5fcb02d,511111902539,,,Cpgs,Famous Amos,0.0,
834,53501d2ab9237fd7718f9e19,511111102823,,,Cpgs,Emils,0.0,
835,5b184cdbe4b0d159a5b66e2b,511111204596,Beer Wine Spirits,BEER WINE SPIRITS,53e10d6368abd3c7065097cc,Henry Weinhard's,0.0,HENRY WEINHARDS
837,5d6415b3a3a018514994f428,511111905035,Magazines,MAGAZINES,5d5d4fd16d5f3b23d1bc7905,People Special Edition Magazine,0.0,511111905035
838,5dc07880a60b873d6b0666cf,511111706274,Breakfast & Cereal,BREAKFAST & CEREAL,53e10d6368abd3c7065097cc,Fruity Cheerios™,0.0,FRUITY CHEERIOS
839,5da608821dda2c3e1416ae8c,511111905752,Health & Wellness,HEALTH & WELLNESS,53e10d6368abd3c7065097cc,Flintstones™ MULTIVITAMIN GUMMY,0.0,FLINTSTONES MULTIVITAMIN GUMMY
840,57e58166e4b0ac389136a30b,511111102267,Beer Wine Spirits,BEER WINE SPIRITS,5332f709e4b03c9a25efd0f1,Foster's,0.0,FOSTER'S
841,5d5411eda3a018514994f420,511111904892,Condiments & Sauces,CONDIMENTS & SAUCES,559c2234e4b06aca36af13c6,F. Whitlock & Sons BBQ Sauce,0.0,F WHITLOCK AND SONS
846,5e710dd5ee7f2d0b35b2a193,511111314097,Dairy & Refrigerated,DAIRY & REFRIGERATED,5e5ea9cc9c50da1291a6d074,I CAN'T BELIEVE IT'S NOT BUTTER!,0.0,I CAN'T BELIEVE IT'S NOT BUTTER
848,585a961fe4b03e62d1ce0e76,511111701781,Snacks,SNACKS,5332f5fbe4b03c9a25efd0ba,Baken-Ets,1.0,BAKEN-ETS
849,5daf472da60b87376833e35e,511111405979,Dairy,DAIRY,5332f5f3e4b03c9a25efd0ae,LIBERTÉ®,0.0,LIBERTE
850,5dc076e41dda2c0ad7da64ab,511111006251,Breakfast & Cereal,BREAKFAST & CEREAL,53e10d6368abd3c7065097cc,Apple Cinnamon Cheerios™,0.0,APPLE CINNAMON CHEERIOS
851,5a5d2695e4b0db471c2d042d,511111700180,Beer Wine Spirits,BEER WINE SPIRITS,5332f709e4b03c9a25efd0f1,St. Stefanus,0.0,ST STEFANUS
852,5332f5ebe4b03c9a25efd0a7,511111304050,,,Cpgs,Monster,0.0,
853,585a9653e4b03e62d1ce0e7b,511111101734,Beverages,BEVERAGES,5332f5fbe4b03c9a25efd0ba,Dole Chilled Fruit Juices,0.0,DOLE CHILLED FRUIT JUICES
855,5332f70ee4b03c9a25efd0f7,511111703822,,,Cpgs,Haagen-Dazs,0.0,
856,592486bfe410d61fcea3d13a,511111700692,Personal Care,PERSONAL CARE,5332f5f6e4b03c9a25efd0b4,SUAVE,0.0,SUAVE
857,57ebbed8e4b0ac389136a32e,511111402190,Condiments & Sauces,CONDIMENTS & SAUCES,559c2234e4b06aca36af13c6,Classico,0.0,CLASSICO
858,57c08275e4b0718ff5fcb036,511111402473,,,Cpgs,Brahma,0.0,
859,5fb82a34be37ce522e165ce5,511111717805,Grocery,GROCERY,5fb6b608be37ce522e165cb9,Stroehmann,0.0,STROEHMANN
860,5d66d9016d5f3b6188d4f04a,511111305354,Beverages,BEVERAGES,5332f5fbe4b03c9a25efd0ba,Bubly Sparkling Water,0.0,BUBLY
861,5ab152fae4b0be0a89bb0b05,511111004356,Grocery,GROCERY,5a734034e4b0d58f376be874,1915 Bolthouse Farms,0.0,1915 BOLTHOUSE FARMS
865,5e5ff32bee7f2d0b35b2a190,511111114062,Health & Wellness,HEALTH & WELLNESS,5d9b4f591dda2c6225a284aa,MIRALAX®LAXATIVES,0.0,MIRALAX LAXATIVES
881,585a973ee4b03e62d1ce0e97,511111801474,Beverages,BEVERAGES,5332f5fbe4b03c9a25efd0ba,Tropicana Trop 50,0.0,
882,552ecc9be4b02ff29f99b214,511111702733,,,Cpgs,Valu Time,0.0,
883,580dffa7e4b0f32b2de21383,511111201847,Frozen,FROZEN,559c2234e4b06aca36af13c6,TGI Fridays,0.0,T.G.I. FRIDAY'S
884,5a5d1d71e4b06ba572cf249c,511111600350,Beer Wine Spirits,BEER WINE SPIRITS,5332f709e4b03c9a25efd0f1,Cusquena,0.0,CUSQUENA
885,5fb6b6e1be37ce522e165cbb,511111517399,Bread & Bakery,BREAD & BAKERY,5fb6b608be37ce522e165cb9,Arnold ,0.0,ARNOLD
886,57ebc188e4b0ac389136a343,511111001997,Beverages,BEVERAGES,559c2234e4b06aca36af13c6,McCafé,0.0,MC CAFE
887,5afda307e4b03bf01c2a2966,511111404514,Snacks,SNACKS,5a734034e4b0d58f376be874,O-Ke-Doke,0.0,O-KE-DOKE
889,5da606c61dda2c3e1416ae87,511111505648,Health & Wellness,HEALTH & WELLNESS,53e10d6368abd3c7065097cc,ALKA SELTZER® ADULT HEARTBURN CHEWS/ GUMMY/ TAB,0.0,ALKA SELTZER ADULT HEARTBURN CHEWS/ GUMMY/ TAB
894,58861c7f4e8d0d20bc42c4fb,511111201281,Breakfast & Cereal,BREAKFAST & CEREAL,5332f5fbe4b03c9a25efd0ba,Quaker Oatmeal Squares,0.0,
895,5dd59806a60b870fc613f7ca,511111806387,Breakfast & Cereal,BREAKFAST & CEREAL,5332f5f3e4b03c9a25efd0ae,Oatmeal Crisp™ Cereal,0.0,OATMEAL CRISP
896,58861c7e4e8d0d20bc42c4e4,511111101383,Beer Wine Spirits,BEER WINE SPIRITS,5332f709e4b03c9a25efd0f1,Milwaukee's Best Light,0.0,
899,5ec2dd58be37ce5234ec36b9,511111614630,Health & Wellness,HEALTH & WELLNESS,5d9b4f591dda2c6225a284aa,Phillips'®Digestive,0.0,PHILLIPS'®DIGESTIVE
932,5dc07bee1dda2c0ad7da64ac,511111906285,Breakfast & Cereal,BREAKFAST & CEREAL,5332f5f3e4b03c9a25efd0ae,Hershey's™ Cereal,0.0,HERSHEYS CEREAL
934,58861c7e4e8d0d20bc42c4f5,511111701347,Beverages,BEVERAGES,53e10d6368abd3c7065097cc,Amp Energy,0.0,AMP
935,5332f754e4b03c9a25efd112,511111003755,,,Cpgs,Fuze,0.0,
936,5d66d6a2a3a018093ab34727,511111905318,Magazines,MAGAZINES,5d5d4fd16d5f3b23d1bc7905,Eat This Not That Magazine,0.0,511111905318
937,592486bde410d61fcea3d120,511111500940,Personal Care,PERSONAL CARE,5332f5f6e4b03c9a25efd0b4,AXE,0.0,AXE
940,5332f712e4b03c9a25efd0f8,511111503811,,,Cpgs,Kemps,0.0,
941,5332f70ae4b03c9a25efd0f4,511111203834,Beverages,BEVERAGES,Cpgs,Barmen,0.0,
943,5c6d51d695144c607914426f,511111806509,Breakfast & Cereal,BREAKFAST & CEREAL,5c6d516795144c607914426e,alexa-o's,1.0,ALEXA-O'S
944,5332f5f4e4b03c9a25efd0af,511111904014,,,Cpgs,Frosted Mini-Wheats,0.0,
945,5da607ef1dda2c3e1416ae89,511111005704,Health & Wellness,HEALTH & WELLNESS,53e10d6368abd3c7065097cc,Bayer® ASPRIN TAB/ CAPS/ CHEWS,0.0,511111005704
947,5d6417dda3a018514994f42a,511111805069,Magazines,MAGAZINES,5d5d4fd16d5f3b23d1bc7905,InStyle,0.0,511111805069
948,57e581dfe4b0ac389136a30e,511111402244,Beer Wine Spirits,BEER WINE SPIRITS,5332f709e4b03c9a25efd0f1,Steel Reserve,0.0,STEEL RESERVE
949,5d603430a3a018514994f423,511111904946,Snacks,SNACKS,5332f5fbe4b03c9a25efd0ba,Pop Works & Company Popcorn,0.0,POP WORKS & COMPANY
950,5a4d2489e4b0d5c3fd86b67a,511111900498,Snacks,SNACKS,5332f5fbe4b03c9a25efd0ba,SABRITONES,0.0,SABRITONES
951,5d66def56d5f3b6188d4f052,511111205456,Magazines,MAGAZINES,5d5d4fd16d5f3b23d1bc7905,TIME Special Edition Magazine,0.0,511111205456
952,5a5d1ef1e4b0db471c2d0426,511111200314,Grocery,GROCERY,559c2234e4b06aca36af13c6,SURE-JELL,0.0,SURE-JELL
953,5a5d26c7e4b06ba572cf24a5,511111500179,Beer Wine Spirits,BEER WINE SPIRITS,5332f709e4b03c9a25efd0f1,Terrapin,0.0,TERRAPIN
954,588ba164e4b02187f85cdadf,511111501053,Frozen,FROZEN,559c2234e4b06aca36af13c6,Smart Made,0.0,SMART MADE
956,5d6415a26d5f3b23d1bc790b,511111405023,Magazines,MAGAZINES,5d5d4fd16d5f3b23d1bc7905,Coastal Living Magazine,0.0,511111405023
957,5a8c5ee7e4b07f0a2dac8948,511111404231,Personal Care,PERSONAL CARE,5332f5f6e4b03c9a25efd0b4,LOVE BEAUTY AND PLANET,0.0,LOVE BEAUTY AND PLANET
958,5daf2a6b1dda2c3e1416ae91,511111005865,Health & Wellness,HEALTH & WELLNESS,5332f5f3e4b03c9a25efd0ae,Protein One™,0.0,PROTEIN ONE
959,5332f753e4b03c9a25efd110,511111203766,,,Cpgs,Sugar Free NOS,0.0,
960,5d66e03f6d5f3b6188d4f054,511111605492,Magazines,MAGAZINES,5d5d4fd16d5f3b23d1bc7905,Yoga Journal Magazine,0.0,511111605492
961,5ea07e02be37ce3e45b6a781,511111414551,Baking,BAKING,5ea07defbe37ce3e45b6a780,Show this Brand A,0.0,
962,585a9707e4b03e62d1ce0e90,511111501541,Snacks,SNACKS,5332f5fbe4b03c9a25efd0ba,Smartfood Selects,0.0,
964,57ebc02be4b0ac389136a339,511111002086,Beverages,BEVERAGES,559c2234e4b06aca36af13c6,Kool-Aid,0.0,KOOL-AID
965,5332f5f5e4b03c9a25efd0b1,511111203995,,,Cpgs,Minute Maid,0.0,
967,58861c7d4e8d0d20bc42c4d7,511111401438,Grocery,GROCERY,559c2234e4b06aca36af13c6,Velveeta Shells,0.0,
968,5332f7b5e4b03c9a25efd141,511111803447,,,Cpgs,Margaritaville,0.0,
970,5fb81ab9be37ce522e165cdc,511111317715,Beer Wine Spirits,BEER WINE SPIRITS,5fb6d381be37ce522e165cbd,Absolut® Citron,0.0,ABSOLUT® CITRON
971,5fb7fa35be37ce522e165cc9,511111717522,Beer Wine Spirits,BEER WINE SPIRITS,5fb6d381be37ce522e165cbd,Avion® R44,0.0,AVION R44
972,5332fa79e4b03c9a25efd227,511111102984,,,Cpgs,Caffeine-free Coca-Cola,0.0,
974,53501d2ab9237fd7718f9e1b,511111902812,,,Cpgs,Screamin Sicilian,0.0,
975,5a5d239de4b0db471c2d042a,511111900269,Beer Wine Spirits,BEER WINE SPIRITS,5332f709e4b03c9a25efd0f1,Miller Fortune,0.0,MILLER FORTUNE
976,592486bee410d61fcea3d131,511111900771,Personal Care,PERSONAL CARE,5332f5f6e4b03c9a25efd0b4,LEVER 2000,0.0,LEVER 2000
977,5da603a71dda2c3e1416ae82,511111105558,Baby,BABY,5d9b4f591dda2c6225a284aa,A+D®,0.0,A+D
978,5db3288aee7f2d6de4248977,511111312949,Baby,BABY,550b2565e4b001d5e9e4146f,Pull-Ups,1.0,PULLUPS
981,5332f5fbe4b03c9a25efd0bb,511111003960,Beverages,BEVERAGES,5332f5fbe4b03c9a25efd0ba,Mountain Dew,0.0,MOUNTAIN DEW
982,57ebc12ce4b0ac389136a33c,511111102052,Condiments & Sauces,CONDIMENTS & SAUCES,559c2234e4b06aca36af13c6,Kraft Mayo,0.0,
983,585a9720e4b03e62d1ce0e94,511111101505,Snacks,SNACKS,5332f5fbe4b03c9a25efd0ba,Sun Chips,0.0,SUN CHIPS
985,592486bfe410d61fcea3d138,511111800712,Beverages,BEVERAGES,5332f5f6e4b03c9a25efd0b4,PURE LEAF Tea Leaves,0.0,PURE LEAF Tea Leaves
986,5887a320e4b02187f85cdad8,511111201120,Snacks,SNACKS,559c2234e4b06aca36af13c6,Corn Nuts,0.0,CORN NUTS
987,57d95753e4b0ac389136a2b3,511111702382,Dairy,DAIRY,559c2234e4b06aca36af13c6,Breakstone's,0.0,BREAKSTONE'S
988,5a5d263ee4b06ba572cf24a4,511111200192,Beer Wine Spirits,BEER WINE SPIRITS,5332f709e4b03c9a25efd0f1,Sparks,0.0,SPARKS
990,5887a143e4b02187f85cdad2,511111301189,Beverages,BEVERAGES,559c2234e4b06aca36af13c6,Maxwell House,0.0,MAXWELL HOUSE
991,5332f7b5e4b03c9a25efd142,511111603436,,,Cpgs,Beck's,0.0,
994,5a5d2b20e4b0db471c2d0434,511111800088,Canned Goods & Soups,CANNED GOODS & SOUPS,5332f5f6e4b03c9a25efd0b4,Continental,0.0,CONTINENTAL SOUP
995,5e3875f5ee7f2d697e835bcf,511111213925,Beauty,BEAUTY,5e28b81cee7f2d697e835bcd,Garnier - Hair Color,0.0,GARNIER - HAIR COLOR
996,5ec2dc5fbe37ce5234ec36b8,511111114628,Health & Wellness,HEALTH & WELLNESS,5d9b4f591dda2c6225a284aa,AFRIN® NASAL SPRAY,0.0,AFRIN® NASAL SPRAY
997,5daf4867a60b87376833e35f,511111605980,Dairy,DAIRY,5332f5f3e4b03c9a25efd0ae,Goodbelly® Probiotics,0.0,GOODBELLY
998,592486bee410d61fcea3d134,511111200758,Personal Care,PERSONAL CARE,5332f5f6e4b03c9a25efd0b4,NEXXUS,0.0,NEXXUS
999,5a8c3226e4b07f0a2dac8942,511111004127,Beverages,BEVERAGES,5a734034e4b0d58f376be874,V8,0.0,V8
1000,55b630a4e4b0d8e685c1421c,511111502654,,,Cpgs,Dr. Pepper,0.0,
1001,5a5d2ac5e4b06ba572cf24a7,511111300090,Condiments & Sauces,CONDIMENTS & SAUCES,53e10d6368abd3c7065097cc,Colman's,0.0,COLMAN'S
1002,5a8c344ae4b0ccf165fac9e5,511111704140,Condiments & Sauces,CONDIMENTS & SAUCES,5a734034e4b0d58f376be874,Prego,0.0,PREGO
1004,5e710e03ee7f2d0b35b2a194,511111914105,Dairy & Refrigerated,DAIRY & REFRIGERATED,5e5ea9cc9c50da1291a6d074,BRUMMEL & BROWN,0.0,BRUMMEL & BROWN
1005,5daf43251dda2c3e1416ae95,511111705956,Dairy,DAIRY,5332f5f3e4b03c9a25efd0ae,YQ by Yoplait®,0.0,YQ YOPLAIT
1006,5d66d597a3a018093ab34726,511111805298,Magazines,MAGAZINES,5d5d4fd16d5f3b23d1bc7905,Diabetic Living Magazine,0.0,511111805298
1007,5d658ffa6d5f3b23d1bc7914,511111205227,,,53e10d6368abd3c7065097cc,Diabetic Living Magazine,0.0,
1009,5da6076f1dda2c3e1416ae88,511111205661,Health & Wellness,HEALTH & WELLNESS,53e10d6368abd3c7065097cc,ALKA SELTZER® PLUS COLD AND FLU TAB/ CAPS/ GEL,0.0,ALKA SELTZER COLD AND FLU TAB/ CAPS/ GEL
1011,5da60915a60b87376833e355,511111905806,Health & Wellness,HEALTH & WELLNESS,53e10d6368abd3c7065097cc,ONE A DAY® HEART HEALTH,0.0,511111905806
1012,5c4637ba87ff35681e840d57,511111605058,Dairy,DAIRY,5c45f8b087ff3552f950f026,Brand2,1.0,09090909090
1013,5332f7afe4b03c9a25efd13e,511111003472,,,Cpgs,Bud Light Lime,0.0,
1014,5da609621dda2c3e1416ae8f,511111105831,Health & Wellness,HEALTH & WELLNESS,53e10d6368abd3c7065097cc,ONE A DAY® PRENATAL AND PREGNANCY,0.0,511111105831
1015,5a7e0665e4b0aedb3b84afd4,511111704140,,,55b62995e4b0d8e685c14213,Diet Chris Cola,0.0,DIETCHRIS2
1016,5332f73ee4b03c9a25efd108,511111403791,,,Cpgs,Dr Pepper,0.0,
1017,5ca6383b166eb32e98e0e450,511111804765,Deli,DELI,559c2234e4b06aca36af13c6,Bold Butcher,0.0,BOLD BUTCHER
1018,585a9686e4b03e62d1ce0e81,511111601678,Snacks,SNACKS,5332f5fbe4b03c9a25efd0ba,Lay's Original,1.0,LAY'S
1019,585a96e0e4b03e62d1ce0e8a,511111401599,Snacks,SNACKS,5332f5fbe4b03c9a25efd0ba,Quaker Chewy,0.0,
1020,592486bde410d61fcea3d121,511111300939,Frozen,FROZEN,5332f5f6e4b03c9a25efd0b4,BEN & JERRY'S,1.0,BEN & JERRY'S
1022,5332fa7ae4b03c9a25efd22a,511111202950,,,Cpgs,Pibb Xtra,0.0,
1023,5c6c2f9295144c6db8fe1977,511111106432,Beverages,BEVERAGES,5c6c2ee995144c6db8fe1976,"new-brand, of course",1.0,FRS920
1025,5bcdfc5990fa074576779a15,511111804604,Beverages,BEVERAGES,5a734034e4b0d58f376be874,V8 Hydrate,0.0,V8 HYDRATE
1026,57d95805e4b0ac389136a2b5,511111002369,Beverages,BEVERAGES,559c2234e4b06aca36af13c6,Country Time,0.0,COUNTRY TIME
1027,540f240768abd3c7065097d4,511111102779,,,56462469e4b0c05761111936,Frito Lay,0.0,
1029,585a96ade4b03e62d1ce0e84,511111401643,Beverages,BEVERAGES,5332f5fbe4b03c9a25efd0ba,Naked Juice,0.0,NAKED JUICE
1030,592486bde410d61fcea3d122,511111800927,Frozen,FROZEN,5332f5f6e4b03c9a25efd0b4,BREYERS,1.0,BREYERS
1032,5d66d4666d5f3b6188d4f046,511111105275,Magazines,MAGAZINES,5d5d4fd16d5f3b23d1bc7905,Country Gardens Magazine,0.0,511111105275
1033,5dc2dab01dda2c0ad7da64af,511111906353,Breakfast & Cereal,BREAKFAST & CEREAL,5332f5f3e4b03c9a25efd0ae,Girl Scouts Cookie Cereal,0.0,GIRL SCOUT CEREAL
1034,53554c847a010fd9f8db0ed6,511111802792,Beer Wine Spirits,BEER WINE SPIRITS,5332f709e4b03c9a25efd0f1,Miller Lite,0.0,MILLER LITE
1035,5a5d2727e4b0db471c2d042e,511111000167,Beer Wine Spirits,BEER WINE SPIRITS,5332f709e4b03c9a25efd0f1,Third Shift Brewing,0.0,THIRD SHIFT
1036,5db32879ee7f2d6de4248976,511111112938,Baby,BABY,55b62995e4b0d8e685c14213,GoodNites,1.0,GOODNITES
1039,5e387679ee7f2d697e835bd2,511111413950,Beauty,BEAUTY,5e28b81cee7f2d697e835bcd,Maybelline,0.0,MAYBELLINE
1040,5daf693c1dda2c3e1416ae9d,511111606093,Dairy,DAIRY,5332f5f3e4b03c9a25efd0ae,Yoplait®,0.0,YOPLAIT
1041,5332f769e4b03c9a25efd122,511111303664,,,Cpgs,Odwalla,0.0,
1044,5e387644ee7f2d697e835bd1,511111913948,Beauty,BEAUTY,5e28b81cee7f2d697e835bcd,L’Oreal Paris - Hair Color,0.0,L’OREAL PARIS - HAIR COLOR
1046,5da606361dda2c3e1416ae84,511111505594,Health & Wellness,HEALTH & WELLNESS,53e10d6368abd3c7065097cc,"ALEVE® CAPLETS, TABLETS, AND GEL CAPS",0.0,"ALEVE CAPLETS, TABLETS, AND GEL CAPS"
1047,5332fa1ae4b03c9a25efd1e9,511111103097,,,Cpgs,Roma,0.0,
1048,5d66d38ca3a018093ab34724,511111605263,Magazines,MAGAZINES,5d5d4fd16d5f3b23d1bc7905,Clean Eating Magazine,0.0,511111605263
1050,5332f806e4b03c9a25efd16e,511111503309,,,Cpgs,Oikos,0.0,
1053,5a5d247ae4b06ba572cf24a2,511111000235,Beer Wine Spirits,BEER WINE SPIRITS,5332f709e4b03c9a25efd0f1,Saint Archer,0.0,SAINT ARCHER
1054,5887a1c8e4b02187f85cdad4,511111601166,Dairy,DAIRY,559c2234e4b06aca36af13c6,Philadelphia,0.0,PHILADELPHIA
1055,5afda201e4b0c11cfecd49f7,511111804482,Snacks,SNACKS,5a734034e4b0d58f376be874,Late July,0.0,LATE JULY
1056,5fb823dfbe37ce522e165ce2,511111417774,Grocery,GROCERY,5fb6b608be37ce522e165cb9,Freihofers,0.0,FREIHOFERS
1057,5a5d28ade4b0db471c2d0431,511111100133,Beer Wine Spirits,BEER WINE SPIRITS,5332f709e4b03c9a25efd0f1,Tyskie,0.0,TYSKIE GRONIE
1058,5bd2013f965c7d66d92731ec,511111904663,Household,HOUSEHOLD,550b2565e4b001d5e9e4146f,Kleenex,0.0,KLEENEX
1061,5a4d1ec9e4b0bcb2c74ea77d,511111900542,Snacks,SNACKS,5332f5fbe4b03c9a25efd0ba,EL ISLENO,1.0,EL ISLENO
1062,5fb822e4be37ce522e165ce0,511111717751,Grocery,GROCERY,5fb6b608be37ce522e165cb9,Maiser's,0.0,MAISER'S 
1064,5bd201f090fa074576779a1a,511111204718,Household,HOUSEHOLD,550b2565e4b001d5e9e4146f,Viva,0.0,VIVA
1065,5bd20188965c7d66d92731ed,511111604686,Personal Care,PERSONAL CARE,550b2565e4b001d5e9e4146f,Poise,0.0,POISE
1067,5332f7a9e4b03c9a25efd138,511111503538,,,Cpgs,Natural,0.0,
1068,57d96112e4b0ac389136a2b8,511111102335,Frozen,FROZEN,559c2234e4b06aca36af13c6,Ore-Ida,0.0,ORE-IDA
1069,5d66d81a6d5f3b6188d4f048,511111605331,Magazines,MAGAZINES,5d5d4fd16d5f3b23d1bc7905,History Channel Special Edition Magazine ,0.0,511111605331
1070,5a5d1c77e4b06ba572cf249a,511111300373,Grocery,GROCERY,559c2234e4b06aca36af13c6,BIAGLUT,0.0,BIAGLUT
1071,5cdacd63166eb33eb7ce0fa8,511111004790,Condiments & Sauces,CONDIMENTS & SAUCES,559c2234e4b06aca36af13c6,Bitten Dressing,0.0,BITTEN
1072,57ebc2dfe4b0ac389136a34a,511111401926,Beverages,BEVERAGES,559c2234e4b06aca36af13c6,Tang,0.0,TANG
1073,5332fa58e4b03c9a25efd214,511111603085,,,Cpgs,Edy's,0.0,
1074,5c7d9cb395144c337a3cbfbb,511111707202,Baby,BABY,5459429be4b0bfcb1e864082,Huggies,1.0,HUGGIES
1075,5a8c34d7e4b07f0a2dac8944,511111204152,Baby,BABY,5a734034e4b0d58f376be874,Plum Organics,0.0,PLUM ORGANICS
1076,5fb805dbbe37ce522e165ccc,511111917557,Beer Wine Spirits,BEER WINE SPIRITS,5fb6d381be37ce522e165cbd,The Glenlivet® Caribbean Reserve,0.0,THE GLENLIVET CARIBBEAN RESERVE
1077,5fb806b5be37ce522e165ccd,511111117568,Beer Wine Spirits,BEER WINE SPIRITS,5fb6d381be37ce522e165cbd,The Glenlivet® Founder's Reserve,0.0,THE GLENLIVET® FOUNDER'S RESERVE
1078,5fb807bebe37ce522e165cce,511111617570,Beer Wine Spirits,BEER WINE SPIRITS,5fb6d381be37ce522e165cbd,The Glenlivet® 12 Year ,0.0,THE GLENLIVET® 12 YEAR 
1079,5bd200fc965c7d66d92731eb,511111204640,Baby,BABY,550b2565e4b001d5e9e4146f,Goodnites,0.0,GOODNITES
1080,588ba1c8e4b02187f85cdae1,511111801030,Beverages,BEVERAGES,559c2234e4b06aca36af13c6,Tassimo,0.0,TASSIMO
1081,5dc2d9d4a60b873d6b0666d2,511111206330,Breakfast & Cereal,BREAKFAST & CEREAL,5332f5f3e4b03c9a25efd0ae,Dippin Dots® Cereal,0.0,DIPPIN DOTS
1082,5887a290e4b02187f85cdad7,511111701132,,,559c2234e4b06aca36af13c6,Stove Top,0.0,STOVE TOP
1083,5fb82f4bbe37ce522e165ce7,511111417828,Bread & Bakery,BREAD & BAKERY,5fb6b608be37ce522e165cb9,Brownberry,0.0,BROWNBERRY
1085,5daf3eed1dda2c3e1416ae94,511111205944,Dairy,DAIRY,5332f5f3e4b03c9a25efd0ae,Oui™ by Yoplait®,0.0,OUI BY YOPLAIT
1086,5a5d144ee4b0db471c2d041d,511111500452,Beer Wine Spirits,BEER WINE SPIRITS,5332f709e4b03c9a25efd0f1,Cerveza Aguila,0.0,CERVEZA AGUILA
1088,5332f7a7e4b03c9a25efd133,511111903574,,,Cpgs,Budweiser,0.0,
1089,5332f7b7e4b03c9a25efd144,511111103424,,,Cpgs,Budweiser Black Crown,0.0,
1091,57e5823ce4b0ac389136a312,511111702221,Beer Wine Spirits,BEER WINE SPIRITS,5332f709e4b03c9a25efd0f1,Icehouse,0.0,ICEHOUSE
1092,5a021582e4b00efe02b02a56,511111900610,Beauty & Personal Care,BEAUTY & PERSONAL CARE,53e10d6368abd3c7065097cc,FDS,0.0,FDS
1093,5a8c2eeee4b0ccf165fac9e2,511111204084,Grocery,GROCERY,5a734034e4b0d58f376be874,Bolthouse Farms,0.0,BOLTHOUSE FARMS
1094,5a0218cae4b00efe02b02a59,511111100577,Personal Care,PERSONAL CARE,5332f5f6e4b03c9a25efd0b4,Q-TIPS,0.0,Q-TIPS
1095,58861c7f4e8d0d20bc42c4fa,511111701293,Breakfast & Cereal,BREAKFAST & CEREAL,5332f5fbe4b03c9a25efd0ba,Quaker Granola,0.0,
1096,588ba198e4b02187f85cdae0,511111001041,Dairy,DAIRY,559c2234e4b06aca36af13c6,Hoffman's,0.0,HOFFMAN'S
1097,5332fa80e4b03c9a25efd231,511111202882,,,Cpgs,Coca-Cola Cherry Zero,0.0,
1098,5db9f97f1dda2c3e1416aea2,511111606215,Snacks,SNACKS,5332f5f3e4b03c9a25efd0ae,Fruit by the Foot™,0.0,BETTY CROCKER FRUIT BY THE FOOT
1099,5a5d28f1e4b0db471c2d0432,511111600121,Beer Wine Spirits,BEER WINE SPIRITS,5332f709e4b03c9a25efd0f1,Zumbida,0.0,ZUMBIDA
1101,5332f79ee4b03c9a25efd131,511111103585,,,Cpgs,Cinnamon Toast Crunch,0.0,
1102,58861c7f4e8d0d20bc42c4fc,511111001270,Snacks,SNACKS,5332f5fbe4b03c9a25efd0ba,Quaker Popped Crisps,0.0,
1104,57c08257e4b0718ff5fcb034,511111102496,,,Cpgs,Hoegaarden,0.0,
1105,58861c7f4e8d0d20bc42c4fe,511111301257,Breakfast & Cereal,BREAKFAST & CEREAL,5332f5fbe4b03c9a25efd0ba,Quaker Real Medleys,0.0,
1106,5332f757e4b03c9a25efd114,511111303732,,,Cpgs,gardenburger,0.0,
1107,5afda5a6e4b03bf01c2a2968,511111304548,Snacks,SNACKS,5a734034e4b0d58f376be874,Krunches!,0.0,KRUNCHERS
1109,585a9661e4b03e62d1ce0e7d,511111401711,Snacks,SNACKS,5332f5fbe4b03c9a25efd0ba,Funyuns,1.0,FUNYUNS
1110,5ab15456e4b0be0a89bb0b06,511111904380,Canned Goods & Soups,CANNED GOODS & SOUPS,5a734034e4b0d58f376be874,Campbell's Spaghettios,0.0,CAMPBELLS SPAGHETTIOS
1111,592486bde410d61fcea3d123,511111600916,Dairy,DAIRY,53e10d6368abd3c7065097cc,BRUMMEL AND BROWN,0.0,BRUMMEL AND BROWN
1115,5332fa08e4b03c9a25efd1d9,511111403128,,,Cpgs,Raisin Bran,0.0,
1116,5d66e07da3a018093ab3472d,511111205500,Beverages,BEVERAGES,5332f5fbe4b03c9a25efd0ba,Sierra Mist,0.0,SIERRA MIST
1120,5332f769e4b03c9a25efd121,511111803676,,,Cpgs,Glaceau smartwater,0.0,
1121,5332f7afe4b03c9a25efd13c,511111703495,,,Cpgs,LandShark,0.0,
1122,5fb82f87be37ce522e165ce8,511111917830,Bread & Bakery,BREAD & BAKERY,5fb6b608be37ce522e165cb9,Oroweat,0.0,OROWEAT
1123,5332f7a8e4b03c9a25efd135,511111403562,,,Cpgs,Bud Light,0.0,
1124,585a96eee4b03e62d1ce0e8c,511111701576,Snacks,SNACKS,5332f5fbe4b03c9a25efd0ba,Rold Gold,0.0,ROLD GOLD
1128,5ab1314de4b0915382df761a,511111104308,Beverages,BEVERAGES,5a734034e4b0d58f376be874,V8 Splash,0.0,V8 SPLASH
1129,5bd2016990fa074576779a18,511111404675,Personal Care,PERSONAL CARE,550b2565e4b001d5e9e4146f,Kotex,0.0,KOTEX
1130,5d64191ea3a018514994f42b,511111505082,Magazines,MAGAZINES,5d5d4fd16d5f3b23d1bc7905,Midwest Living,0.0,511111505082
1131,58863e28e4b02187f85cdacf,511111901211,Deli,DELI,559c2234e4b06aca36af13c6,Oscar Mayer Carving Board,0.0,
1132,5d66df24a3a018093ab3472b,511111405467,Beverages,BEVERAGES,5332f5fbe4b03c9a25efd0ba,Ocean Spray Juices,0.0,OCEAN SPRAY
1133,5da608f61dda2c3e1416ae8e,511111305798,Health & Wellness,HEALTH & WELLNESS,53e10d6368abd3c7065097cc,ONE A DAY® ESSENTIAL,0.0,511111305798
1134,57d95749e4b0ac389136a2b2,511111202394,Frozen,FROZEN,559c2234e4b06aca36af13c6,Bagel Bites,0.0,BAGEL BITES
1135,5d658fca6d5f3b23d1bc7912,511111405184,,,53e10d6368abd3c7065097cc,Do It Yourself,0.0,
1136,57ebc2b7e4b0ac389136a347,511111601951,Dairy,DAIRY,559c2234e4b06aca36af13c6,Polly-O,0.0,POLLY-O
1137,57ebbfa9e4b0ac389136a331,511111202165,Beverages,BEVERAGES,559c2234e4b06aca36af13c6,Gevalia Iced Coffee,0.0,
1138,5a5d2c59e4b06ba572cf24a9,511111900054,Beauty & Personal Care,BEAUTY & PERSONAL CARE,53e10d6368abd3c7065097cc,Sunsilk,0.0,SUNSILK
1139,5887a051e4b02187f85cdad0,511111401209,Baking,BAKING,559c2234e4b06aca36af13c6,Baker's,0.0,BAKER'S
1140,5ab1528ce4b0915382df761c,511111504344,Grocery,GROCERY,5a734034e4b0d58f376be874,Ecce Panis,0.0,ECCE PANIS
1141,5d66d6016d5f3b6188d4f047,511111405306,Magazines,MAGAZINES,5d5d4fd16d5f3b23d1bc7905,Do It Yourself Special Edition Magazine,0.0,511111405306
1142,5f21c54abe37ce7958c59528,511111315230,Cleaning & Home Improvement,CLEANING & HOME IMPROVEMENT,5f10c05cbe37ce238c6cabaf,AIR WICK®,0.0,AIR WICK
1143,5332f7fde4b03c9a25efd168,511111903345,Beer Wine Spirits,BEER WINE SPIRITS,Cpgs,Hamm's Beer,0.0,HAMM'S
1144,57c08242e4b0718ff5fcb032,511111202516,,,Cpgs,Corona,0.0,
1146,5332fa12e4b03c9a25efd1e6,511111703105,,,Cpgs,Bellatoria,0.0,
1147,5dc0351a1dda2c0ad7da64aa,511111306238,Breakfast & Cereal,BREAKFAST & CEREAL,5332f5f3e4b03c9a25efd0ae,Monster's Cereal,0.0,MONSTERS CEREAL
1148,5d66e2d46d5f3b6188d4f056,511111905523,Beverages,BEVERAGES,5332f5fbe4b03c9a25efd0ba,Tazo Bottled Teas,0.0, TAZO BOTTLED TEAS
1149,5a0219ede4b00d6a5ccb394e,511111400554,Personal Care,PERSONAL CARE,5332f5f6e4b03c9a25efd0b4,TONI&GUY,0.0,TONI&GUY
1150,5d66da306d5f3b6188d4f04c,511111005377,Magazines,MAGAZINES,5d5d4fd16d5f3b23d1bc7905,Modern Farmhouse Magazine,0.0,511111005377
1151,5d66dfe6a3a018093ab3472c,511111905479,Magazines,MAGAZINES,5d5d4fd16d5f3b23d1bc7905,Weight Watchers Special Edition Magazine ,0.0,511111905479
1153,58b598dbe4b0857c2ddb7253,511111101017,Beer Wine Spirits,BEER WINE SPIRITS,5332f709e4b03c9a25efd0f1,Mickey's,0.0,MICKEY'S
1154,57d95826e4b0ac389136a2b7,511111302346,Beverages,BEVERAGES,559c2234e4b06aca36af13c6,Crystal Light,0.0,CRYSTAL LIGHT
1155,5a5d1bffe4b0db471c2d0423,511111000396,Beer Wine Spirits,BEER WINE SPIRITS,5332f709e4b03c9a25efd0f1,Coors Extra Gold,0.0,COORS EXTRA GOLD
1156,5fb82fe3be37ce522e165cea,511111617853,Grocery,GROCERY,5fb6b608be37ce522e165cb9,D'Italiano,0.0,D ITALIANO
1157,5332fa75e4b03c9a25efd221,511111303015,,,Cpgs,DASANI,0.0,
1159,585a96cbe4b03e62d1ce0e88,511111501619,Beverages,BEVERAGES,5332f5fbe4b03c9a25efd0ba,Pepsi Max,0.0,
1160,5887a216e4b02187f85cdad5,511111401155,Deli,DELI,559c2234e4b06aca36af13c6,Claussen,0.0,CLAUSSEN
1161,5332f709e4b03c9a25efd0f2,511111403845,Beer Wine Spirits,BEER WINE SPIRITS,5332f709e4b03c9a25efd0f1,Blue Moon,0.0,BLUE MOON
1163,5dc1fca91dda2c0ad7da64ae,511111706328,Breakfast & Cereal,BREAKFAST & CEREAL,53e10d6368abd3c7065097cc,Dippin Dots® Cereal,0.0,DIPPIN DOTS CEREAL
1165,5a021611e4b00efe02b02a57,511111400608,Grocery,GROCERY,5332f5f6e4b03c9a25efd0b4,LIPTON TEA Leaves,0.0,LIPTON TEA Leaves
